run_input_id,production_run_id,material_id,qty_used,unit_cost,total_material_cost,_loaded_at
RNI-00001-01,PRN-00001,MAT-0002,16.06,2.34,37.58,2026-04-28T19:39:28.632988
RNI-00001-02,PRN-00001,MAT-0004,8.35,6.66,55.61,2026-04-28T19:39:28.632995
RNI-00001-03,PRN-00001,MAT-0016,13.23,19.07,252.3,2026-04-28T19:39:28.633004
RNI-00001-04,PRN-00001,MAT-0018,1.17,2.44,2.85,2026-04-28T19:39:28.633011
RNI-00002-01,PRN-00002,MAT-0014,32.98,1.77,58.37,2026-04-28T19:39:28.633089
RNI-00002-02,PRN-00002,MAT-0022,29.69,7.23,214.66,2026-04-28T19:39:28.633097
RNI-00003-01,PRN-00003,MAT-0028,66.51,8.92,593.27,2026-04-28T19:39:28.633172
RNI-00003-02,PRN-00003,MAT-0010,42.46,3.22,136.72,2026-04-28T19:39:28.633178
RNI-00003-03,PRN-00003,MAT-0013,2.6,4.9,12.74,2026-04-28T19:39:28.633184
RNI-00003-04,PRN-00003,MAT-0018,44.83,2.44,109.39,2026-04-28T19:39:28.633193
RNI-00004-01,PRN-00004,MAT-0022,36.44,7.23,263.46,2026-04-28T19:39:28.633268
RNI-00004-02,PRN-00004,MAT-0006,6.26,3.97,24.85,2026-04-28T19:39:28.633274
RNI-00005-01,PRN-00005,MAT-0021,5.98,12.8,76.54,2026-04-28T19:39:28.633343
RNI-00005-02,PRN-00005,MAT-0005,9.9,1.04,10.3,2026-04-28T19:39:28.633350
RNI-00005-03,PRN-00005,MAT-0003,23.35,1.86,43.43,2026-04-28T19:39:28.633355
RNI-00005-04,PRN-00005,MAT-0015,24.12,9.09,219.25,2026-04-28T19:39:28.633361
RNI-00006-01,PRN-00006,MAT-0025,36.1,0.86,31.05,2026-04-28T19:39:28.633429
RNI-00006-02,PRN-00006,MAT-0027,12.95,4.17,54.0,2026-04-28T19:39:28.633436
RNI-00006-03,PRN-00006,MAT-0002,49.58,2.34,116.02,2026-04-28T19:39:28.633441
RNI-00006-04,PRN-00006,MAT-0030,54.99,3.24,178.17,2026-04-28T19:39:28.633448
RNI-00007-01,PRN-00007,MAT-0014,66.8,1.77,118.24,2026-04-28T19:39:28.633526
RNI-00007-02,PRN-00007,MAT-0012,81.98,0.33,27.05,2026-04-28T19:39:28.633532
RNI-00007-03,PRN-00007,MAT-0023,39.98,1.04,41.58,2026-04-28T19:39:28.633541
RNI-00008-01,PRN-00008,MAT-0024,3.51,0.91,3.19,2026-04-28T19:39:28.633615
RNI-00008-02,PRN-00008,MAT-0005,11.74,1.04,12.21,2026-04-28T19:39:28.633621
RNI-00008-03,PRN-00008,MAT-0027,9.13,4.17,38.07,2026-04-28T19:39:28.633628
RNI-00008-04,PRN-00008,MAT-0007,10.48,5.07,53.13,2026-04-28T19:39:28.633637
RNI-00009-01,PRN-00009,MAT-0009,25.32,0.7,17.72,2026-04-28T19:39:28.633710
RNI-00009-02,PRN-00009,MAT-0018,12.15,2.44,29.65,2026-04-28T19:39:28.633716
RNI-00009-03,PRN-00009,MAT-0023,8.86,1.04,9.21,2026-04-28T19:39:28.633723
RNI-00010-01,PRN-00010,MAT-0018,15.83,2.44,38.63,2026-04-28T19:39:28.633794
RNI-00010-02,PRN-00010,MAT-0008,45.8,0.19,8.7,2026-04-28T19:39:28.633801
RNI-00011-01,PRN-00011,MAT-0004,14.09,6.66,93.84,2026-04-28T19:39:28.633867
RNI-00011-02,PRN-00011,MAT-0012,16.18,0.33,5.34,2026-04-28T19:39:28.633874
RNI-00011-03,PRN-00011,MAT-0013,11.63,4.9,56.99,2026-04-28T19:39:28.633880
RNI-00011-04,PRN-00011,MAT-0025,27.03,0.86,23.25,2026-04-28T19:39:28.633892
RNI-00012-01,PRN-00012,MAT-0007,3.53,5.07,17.9,2026-04-28T19:39:28.633960
RNI-00012-02,PRN-00012,MAT-0018,25.26,2.44,61.63,2026-04-28T19:39:28.633967
RNI-00012-03,PRN-00012,MAT-0022,30.41,7.23,219.86,2026-04-28T19:39:28.633973
RNI-00012-04,PRN-00012,MAT-0013,14.17,4.9,69.43,2026-04-28T19:39:28.633979
RNI-00013-01,PRN-00013,MAT-0027,60.04,4.17,250.37,2026-04-28T19:39:28.634051
RNI-00013-02,PRN-00013,MAT-0030,36.92,3.24,119.62,2026-04-28T19:39:28.634058
RNI-00013-03,PRN-00013,MAT-0019,15.91,6.14,97.69,2026-04-28T19:39:28.634065
RNI-00013-04,PRN-00013,MAT-0015,47.91,9.09,435.5,2026-04-28T19:39:28.634071
RNI-00014-01,PRN-00014,MAT-0004,9.03,6.66,60.14,2026-04-28T19:39:28.634138
RNI-00014-02,PRN-00014,MAT-0030,38.95,3.24,126.2,2026-04-28T19:39:28.634145
RNI-00014-03,PRN-00014,MAT-0013,60.31,4.9,295.52,2026-04-28T19:39:28.634151
RNI-00015-01,PRN-00015,MAT-0010,2.18,3.22,7.02,2026-04-28T19:39:28.634220
RNI-00015-02,PRN-00015,MAT-0017,9.56,19.83,189.57,2026-04-28T19:39:28.634227
RNI-00015-03,PRN-00015,MAT-0012,1.13,0.33,0.37,2026-04-28T19:39:28.634233
RNI-00016-01,PRN-00016,MAT-0018,53.14,2.44,129.66,2026-04-28T19:39:28.634305
RNI-00016-02,PRN-00016,MAT-0030,30.77,3.24,99.69,2026-04-28T19:39:28.634312
RNI-00016-03,PRN-00016,MAT-0001,17.56,7.32,128.54,2026-04-28T19:39:28.634318
RNI-00016-04,PRN-00016,MAT-0011,54.63,0.98,53.54,2026-04-28T19:39:28.634327
RNI-00017-01,PRN-00017,MAT-0017,7.41,19.83,146.94,2026-04-28T19:39:28.634400
RNI-00017-02,PRN-00017,MAT-0015,19.37,9.09,176.07,2026-04-28T19:39:28.634407
RNI-00018-01,PRN-00018,MAT-0009,44.45,0.7,31.11,2026-04-28T19:39:28.634480
RNI-00018-02,PRN-00018,MAT-0011,60.69,0.98,59.48,2026-04-28T19:39:28.634486
RNI-00018-03,PRN-00018,MAT-0026,63.02,17.31,1090.88,2026-04-28T19:39:28.634492
RNI-00018-04,PRN-00018,MAT-0030,3.83,3.24,12.41,2026-04-28T19:39:28.634499
RNI-00019-01,PRN-00019,MAT-0003,11.46,1.86,21.32,2026-04-28T19:39:28.634574
RNI-00019-02,PRN-00019,MAT-0025,12.93,0.86,11.12,2026-04-28T19:39:28.634582
RNI-00019-03,PRN-00019,MAT-0009,7.44,0.7,5.21,2026-04-28T19:39:28.634587
RNI-00020-01,PRN-00020,MAT-0004,78.09,6.66,520.08,2026-04-28T19:39:28.634662
RNI-00020-02,PRN-00020,MAT-0005,36.2,1.04,37.65,2026-04-28T19:39:28.634669
RNI-00020-03,PRN-00020,MAT-0017,70.97,19.83,1407.34,2026-04-28T19:39:28.634676
RNI-00021-01,PRN-00021,MAT-0028,47.8,8.92,426.38,2026-04-28T19:39:28.634748
RNI-00021-02,PRN-00021,MAT-0018,23.43,2.44,57.17,2026-04-28T19:39:28.634755
RNI-00022-01,PRN-00022,MAT-0026,30.52,17.31,528.3,2026-04-28T19:39:28.634916
RNI-00022-02,PRN-00022,MAT-0004,5.12,6.66,34.1,2026-04-28T19:39:28.634923
RNI-00023-01,PRN-00023,MAT-0005,4.91,1.04,5.11,2026-04-28T19:39:28.635004
RNI-00023-02,PRN-00023,MAT-0020,7.52,1.32,9.93,2026-04-28T19:39:28.635011
RNI-00023-03,PRN-00023,MAT-0006,4.54,3.97,18.02,2026-04-28T19:39:28.635017
RNI-00024-01,PRN-00024,MAT-0003,5.77,1.86,10.73,2026-04-28T19:39:28.635095
RNI-00024-02,PRN-00024,MAT-0025,26.59,0.86,22.87,2026-04-28T19:39:28.635102
RNI-00024-03,PRN-00024,MAT-0026,10.12,17.31,175.18,2026-04-28T19:39:28.635109
RNI-00025-01,PRN-00025,MAT-0018,48.46,2.44,118.24,2026-04-28T19:39:28.635179
RNI-00025-02,PRN-00025,MAT-0014,50.89,1.77,90.08,2026-04-28T19:39:28.635187
RNI-00025-03,PRN-00025,MAT-0001,43.58,7.32,319.01,2026-04-28T19:39:28.635198
RNI-00025-04,PRN-00025,MAT-0013,14.52,4.9,71.15,2026-04-28T19:39:28.635204
RNI-00026-01,PRN-00026,MAT-0026,31.64,17.31,547.69,2026-04-28T19:39:28.635275
RNI-00026-02,PRN-00026,MAT-0023,9.04,1.04,9.4,2026-04-28T19:39:28.635286
RNI-00026-03,PRN-00026,MAT-0011,5.06,0.98,4.96,2026-04-28T19:39:28.635293
RNI-00027-01,PRN-00027,MAT-0019,44.09,6.14,270.71,2026-04-28T19:39:28.635369
RNI-00027-02,PRN-00027,MAT-0013,36.06,4.9,176.69,2026-04-28T19:39:28.635376
RNI-00027-03,PRN-00027,MAT-0002,21.28,2.34,49.8,2026-04-28T19:39:28.635381
RNI-00027-04,PRN-00027,MAT-0018,49.26,2.44,120.19,2026-04-28T19:39:28.635387
RNI-00028-01,PRN-00028,MAT-0030,23.38,3.24,75.75,2026-04-28T19:39:28.635462
RNI-00028-02,PRN-00028,MAT-0016,4.46,19.07,85.05,2026-04-28T19:39:28.635468
RNI-00028-03,PRN-00028,MAT-0003,28.52,1.86,53.05,2026-04-28T19:39:28.635474
RNI-00028-04,PRN-00028,MAT-0014,29.1,1.77,51.51,2026-04-28T19:39:28.635480
RNI-00029-01,PRN-00029,MAT-0003,33.9,1.86,63.05,2026-04-28T19:39:28.635547
RNI-00029-02,PRN-00029,MAT-0001,42.23,7.32,309.12,2026-04-28T19:39:28.635552
RNI-00029-03,PRN-00029,MAT-0025,34.51,0.86,29.68,2026-04-28T19:39:28.635560
RNI-00029-04,PRN-00029,MAT-0023,11.59,1.04,12.05,2026-04-28T19:39:28.635566
RNI-00030-01,PRN-00030,MAT-0006,9.99,3.97,39.66,2026-04-28T19:39:28.635633
RNI-00030-02,PRN-00030,MAT-0014,8.24,1.77,14.58,2026-04-28T19:39:28.635639
RNI-00030-03,PRN-00030,MAT-0017,32.73,19.83,649.04,2026-04-28T19:39:28.635645
RNI-00031-01,PRN-00031,MAT-0002,2.37,2.34,5.55,2026-04-28T19:39:28.635722
RNI-00031-02,PRN-00031,MAT-0013,10.31,4.9,50.52,2026-04-28T19:39:28.635729
RNI-00032-01,PRN-00032,MAT-0027,54.98,4.17,229.27,2026-04-28T19:39:28.635809
RNI-00032-02,PRN-00032,MAT-0030,57.56,3.24,186.49,2026-04-28T19:39:28.635817
RNI-00032-03,PRN-00032,MAT-0004,46.31,6.66,308.42,2026-04-28T19:39:28.635826
RNI-00033-01,PRN-00033,MAT-0026,6.84,17.31,118.4,2026-04-28T19:39:28.635895
RNI-00033-02,PRN-00033,MAT-0008,9.77,0.19,1.86,2026-04-28T19:39:28.635902
RNI-00033-03,PRN-00033,MAT-0021,9.39,12.8,120.19,2026-04-28T19:39:28.635908
RNI-00034-01,PRN-00034,MAT-0013,38.08,4.9,186.59,2026-04-28T19:39:28.635975
RNI-00034-02,PRN-00034,MAT-0030,63.83,3.24,206.81,2026-04-28T19:39:28.635983
RNI-00034-03,PRN-00034,MAT-0016,46.67,19.07,890.0,2026-04-28T19:39:28.635989
RNI-00035-01,PRN-00035,MAT-0001,44.29,7.32,324.2,2026-04-28T19:39:28.636057
RNI-00035-02,PRN-00035,MAT-0008,39.95,0.19,7.59,2026-04-28T19:39:28.636063
RNI-00035-03,PRN-00035,MAT-0029,43.38,3.21,139.25,2026-04-28T19:39:28.636070
RNI-00036-01,PRN-00036,MAT-0017,11.61,19.83,230.23,2026-04-28T19:39:28.636142
RNI-00036-02,PRN-00036,MAT-0028,42.06,8.92,375.18,2026-04-28T19:39:28.636152
RNI-00037-01,PRN-00037,MAT-0021,81.07,12.8,1037.7,2026-04-28T19:39:28.636226
RNI-00037-02,PRN-00037,MAT-0017,54.35,19.83,1077.76,2026-04-28T19:39:28.636233
RNI-00037-03,PRN-00037,MAT-0018,16.41,2.44,40.04,2026-04-28T19:39:28.636239
RNI-00038-01,PRN-00038,MAT-0027,22.22,4.17,92.66,2026-04-28T19:39:28.636311
RNI-00038-02,PRN-00038,MAT-0026,9.54,17.31,165.14,2026-04-28T19:39:28.636318
RNI-00038-03,PRN-00038,MAT-0019,17.68,6.14,108.56,2026-04-28T19:39:28.636325
RNI-00039-01,PRN-00039,MAT-0027,34.59,4.17,144.24,2026-04-28T19:39:28.636392
RNI-00039-02,PRN-00039,MAT-0002,49.12,2.34,114.94,2026-04-28T19:39:28.636398
RNI-00039-03,PRN-00039,MAT-0030,30.46,3.24,98.69,2026-04-28T19:39:28.636405
RNI-00040-01,PRN-00040,MAT-0018,30.3,2.44,73.93,2026-04-28T19:39:28.636472
RNI-00040-02,PRN-00040,MAT-0028,59.49,8.92,530.65,2026-04-28T19:39:28.636479
RNI-00040-03,PRN-00040,MAT-0012,74.0,0.33,24.42,2026-04-28T19:39:28.636485
RNI-00040-04,PRN-00040,MAT-0025,61.06,0.86,52.51,2026-04-28T19:39:28.636495
RNI-00041-01,PRN-00041,MAT-0025,26.61,0.86,22.88,2026-04-28T19:39:28.636572
RNI-00041-02,PRN-00041,MAT-0011,30.76,0.98,30.14,2026-04-28T19:39:28.636579
RNI-00041-03,PRN-00041,MAT-0010,31.52,3.22,101.49,2026-04-28T19:39:28.636586
RNI-00042-01,PRN-00042,MAT-0021,30.56,12.8,391.17,2026-04-28T19:39:28.636692
RNI-00042-02,PRN-00042,MAT-0001,74.34,7.32,544.17,2026-04-28T19:39:28.636699
RNI-00042-03,PRN-00042,MAT-0030,33.97,3.24,110.06,2026-04-28T19:39:28.636707
RNI-00042-04,PRN-00042,MAT-0024,21.58,0.91,19.64,2026-04-28T19:39:28.636713
RNI-00043-01,PRN-00043,MAT-0021,59.6,12.8,762.88,2026-04-28T19:39:28.636816
RNI-00043-02,PRN-00043,MAT-0022,5.17,7.23,37.38,2026-04-28T19:39:28.636823
RNI-00043-03,PRN-00043,MAT-0026,38.75,17.31,670.76,2026-04-28T19:39:28.636830
RNI-00044-01,PRN-00044,MAT-0019,50.53,6.14,310.25,2026-04-28T19:39:28.636911
RNI-00044-02,PRN-00044,MAT-0004,51.59,6.66,343.59,2026-04-28T19:39:28.636917
RNI-00044-03,PRN-00044,MAT-0010,25.13,3.22,80.92,2026-04-28T19:39:28.636929
RNI-00045-01,PRN-00045,MAT-0029,32.91,3.21,105.64,2026-04-28T19:39:28.637012
RNI-00045-02,PRN-00045,MAT-0016,50.2,19.07,957.31,2026-04-28T19:39:28.637019
RNI-00045-03,PRN-00045,MAT-0013,45.49,4.9,222.9,2026-04-28T19:39:28.637025
RNI-00045-04,PRN-00045,MAT-0025,49.92,0.86,42.93,2026-04-28T19:39:28.637034
RNI-00046-01,PRN-00046,MAT-0022,87.04,7.23,629.3,2026-04-28T19:39:28.637111
RNI-00046-02,PRN-00046,MAT-0016,65.91,19.07,1256.9,2026-04-28T19:39:28.637118
RNI-00047-01,PRN-00047,MAT-0014,16.54,1.77,29.28,2026-04-28T19:39:28.637214
RNI-00047-02,PRN-00047,MAT-0029,24.52,3.21,78.71,2026-04-28T19:39:28.637222
RNI-00048-01,PRN-00048,MAT-0022,65.85,7.23,476.1,2026-04-28T19:39:28.637307
RNI-00048-02,PRN-00048,MAT-0021,31.33,12.8,401.02,2026-04-28T19:39:28.637315
RNI-00048-03,PRN-00048,MAT-0016,22.32,19.07,425.64,2026-04-28T19:39:28.637322
RNI-00048-04,PRN-00048,MAT-0018,43.73,2.44,106.7,2026-04-28T19:39:28.637329
RNI-00049-01,PRN-00049,MAT-0028,7.61,8.92,67.88,2026-04-28T19:39:28.637510
RNI-00049-02,PRN-00049,MAT-0004,39.01,6.66,259.81,2026-04-28T19:39:28.637521
RNI-00050-01,PRN-00050,MAT-0017,60.76,19.83,1204.87,2026-04-28T19:39:28.637837
RNI-00050-02,PRN-00050,MAT-0028,46.99,8.92,419.15,2026-04-28T19:39:28.637847
RNI-00050-03,PRN-00050,MAT-0029,8.34,3.21,26.77,2026-04-28T19:39:28.637854
RNI-00050-04,PRN-00050,MAT-0010,46.27,3.22,148.99,2026-04-28T19:39:28.637860
RNI-00051-01,PRN-00051,MAT-0026,47.83,17.31,827.94,2026-04-28T19:39:28.638029
RNI-00051-02,PRN-00051,MAT-0027,43.48,4.17,181.31,2026-04-28T19:39:28.638038
RNI-00052-01,PRN-00052,MAT-0012,14.04,0.33,4.63,2026-04-28T19:39:28.638137
RNI-00052-02,PRN-00052,MAT-0019,31.6,6.14,194.02,2026-04-28T19:39:28.638144
RNI-00053-01,PRN-00053,MAT-0030,57.02,3.24,184.74,2026-04-28T19:39:28.638228
RNI-00053-02,PRN-00053,MAT-0016,14.68,19.07,279.95,2026-04-28T19:39:28.638235
RNI-00054-01,PRN-00054,MAT-0004,50.93,6.66,339.19,2026-04-28T19:39:28.638324
RNI-00054-02,PRN-00054,MAT-0014,80.31,1.77,142.15,2026-04-28T19:39:28.638331
RNI-00054-03,PRN-00054,MAT-0005,54.41,1.04,56.59,2026-04-28T19:39:28.638338
RNI-00054-04,PRN-00054,MAT-0012,65.49,0.33,21.61,2026-04-28T19:39:28.638344
RNI-00055-01,PRN-00055,MAT-0015,19.0,9.09,172.71,2026-04-28T19:39:28.638429
RNI-00055-02,PRN-00055,MAT-0027,6.59,4.17,27.48,2026-04-28T19:39:28.638436
RNI-00055-03,PRN-00055,MAT-0004,15.85,6.66,105.56,2026-04-28T19:39:28.638442
RNI-00056-01,PRN-00056,MAT-0021,64.08,12.8,820.22,2026-04-28T19:39:28.638517
RNI-00056-02,PRN-00056,MAT-0024,37.07,0.91,33.73,2026-04-28T19:39:28.638525
RNI-00057-01,PRN-00057,MAT-0003,4.85,1.86,9.02,2026-04-28T19:39:28.638604
RNI-00057-02,PRN-00057,MAT-0019,14.01,6.14,86.02,2026-04-28T19:39:28.638611
RNI-00057-03,PRN-00057,MAT-0006,15.1,3.97,59.95,2026-04-28T19:39:28.638617
RNI-00057-04,PRN-00057,MAT-0018,18.28,2.44,44.6,2026-04-28T19:39:28.638625
RNI-00058-01,PRN-00058,MAT-0027,20.64,4.17,86.07,2026-04-28T19:39:28.638705
RNI-00058-02,PRN-00058,MAT-0002,5.66,2.34,13.24,2026-04-28T19:39:28.638711
RNI-00058-03,PRN-00058,MAT-0022,15.55,7.23,112.43,2026-04-28T19:39:28.638721
RNI-00058-04,PRN-00058,MAT-0017,20.88,19.83,414.05,2026-04-28T19:39:28.638727
RNI-00059-01,PRN-00059,MAT-0026,42.21,17.31,730.66,2026-04-28T19:39:28.638811
RNI-00059-02,PRN-00059,MAT-0011,13.58,0.98,13.31,2026-04-28T19:39:28.638818
RNI-00059-03,PRN-00059,MAT-0025,1.99,0.86,1.71,2026-04-28T19:39:28.638825
RNI-00059-04,PRN-00059,MAT-0030,46.8,3.24,151.63,2026-04-28T19:39:28.638832
RNI-00060-01,PRN-00060,MAT-0014,18.02,1.77,31.9,2026-04-28T19:39:28.638906
RNI-00060-02,PRN-00060,MAT-0015,38.89,9.09,353.51,2026-04-28T19:39:28.638912
RNI-00060-03,PRN-00060,MAT-0011,30.94,0.98,30.32,2026-04-28T19:39:28.638918
RNI-00061-01,PRN-00061,MAT-0028,16.71,8.92,149.05,2026-04-28T19:39:28.639007
RNI-00061-02,PRN-00061,MAT-0026,67.68,17.31,1171.54,2026-04-28T19:39:28.639015
RNI-00062-01,PRN-00062,MAT-0022,6.97,7.23,50.39,2026-04-28T19:39:28.639088
RNI-00062-02,PRN-00062,MAT-0010,11.0,3.22,35.42,2026-04-28T19:39:28.639094
RNI-00062-03,PRN-00062,MAT-0027,59.44,4.17,247.86,2026-04-28T19:39:28.639106
RNI-00063-01,PRN-00063,MAT-0008,40.49,0.19,7.69,2026-04-28T19:39:28.639197
RNI-00063-02,PRN-00063,MAT-0012,39.84,0.33,13.15,2026-04-28T19:39:28.639204
RNI-00063-03,PRN-00063,MAT-0020,10.23,1.32,13.5,2026-04-28T19:39:28.639210
RNI-00064-01,PRN-00064,MAT-0019,6.32,6.14,38.8,2026-04-28T19:39:28.639285
RNI-00064-02,PRN-00064,MAT-0014,11.65,1.77,20.62,2026-04-28T19:39:28.639292
RNI-00065-01,PRN-00065,MAT-0010,62.06,3.22,199.83,2026-04-28T19:39:28.639567
RNI-00065-02,PRN-00065,MAT-0014,24.15,1.77,42.75,2026-04-28T19:39:28.639647
RNI-00066-01,PRN-00066,MAT-0008,72.77,0.19,13.83,2026-04-28T19:39:28.639752
RNI-00066-02,PRN-00066,MAT-0015,76.15,9.09,692.2,2026-04-28T19:39:28.639764
RNI-00066-03,PRN-00066,MAT-0014,86.22,1.77,152.61,2026-04-28T19:39:28.639771
RNI-00067-01,PRN-00067,MAT-0026,42.33,17.31,732.73,2026-04-28T19:39:28.639856
RNI-00067-02,PRN-00067,MAT-0016,20.81,19.07,396.85,2026-04-28T19:39:28.639862
RNI-00067-03,PRN-00067,MAT-0002,3.29,2.34,7.7,2026-04-28T19:39:28.639868
RNI-00068-01,PRN-00068,MAT-0023,7.55,1.04,7.85,2026-04-28T19:39:28.639943
RNI-00068-02,PRN-00068,MAT-0029,14.77,3.21,47.41,2026-04-28T19:39:28.639951
RNI-00068-03,PRN-00068,MAT-0012,3.84,0.33,1.27,2026-04-28T19:39:28.639957
RNI-00069-01,PRN-00069,MAT-0023,9.44,1.04,9.82,2026-04-28T19:39:28.640028
RNI-00069-02,PRN-00069,MAT-0007,10.22,5.07,51.82,2026-04-28T19:39:28.640035
RNI-00069-03,PRN-00069,MAT-0015,53.52,9.09,486.5,2026-04-28T19:39:28.640041
RNI-00070-01,PRN-00070,MAT-0020,8.57,1.32,11.31,2026-04-28T19:39:28.640119
RNI-00070-02,PRN-00070,MAT-0004,72.35,6.66,481.85,2026-04-28T19:39:28.640125
RNI-00070-03,PRN-00070,MAT-0023,84.25,1.04,87.62,2026-04-28T19:39:28.640138
RNI-00071-01,PRN-00071,MAT-0026,54.15,17.31,937.34,2026-04-28T19:39:28.640217
RNI-00071-02,PRN-00071,MAT-0004,9.6,6.66,63.94,2026-04-28T19:39:28.640227
RNI-00071-03,PRN-00071,MAT-0017,36.6,19.83,725.78,2026-04-28T19:39:28.640236
RNI-00071-04,PRN-00071,MAT-0021,28.69,12.8,367.23,2026-04-28T19:39:28.640243
RNI-00072-01,PRN-00072,MAT-0027,58.49,4.17,243.9,2026-04-28T19:39:28.640319
RNI-00072-02,PRN-00072,MAT-0029,2.62,3.21,8.41,2026-04-28T19:39:28.640326
RNI-00072-03,PRN-00072,MAT-0006,5.53,3.97,21.95,2026-04-28T19:39:28.640332
RNI-00073-01,PRN-00073,MAT-0011,29.24,0.98,28.66,2026-04-28T19:39:28.640404
RNI-00073-02,PRN-00073,MAT-0029,49.48,3.21,158.83,2026-04-28T19:39:28.640411
RNI-00073-03,PRN-00073,MAT-0014,66.97,1.77,118.54,2026-04-28T19:39:28.640417
RNI-00073-04,PRN-00073,MAT-0017,17.58,19.83,348.61,2026-04-28T19:39:28.640424
RNI-00074-01,PRN-00074,MAT-0019,4.09,6.14,25.11,2026-04-28T19:39:28.640496
RNI-00074-02,PRN-00074,MAT-0003,41.84,1.86,77.82,2026-04-28T19:39:28.640503
RNI-00075-01,PRN-00075,MAT-0005,3.67,1.04,3.82,2026-04-28T19:39:28.640574
RNI-00075-02,PRN-00075,MAT-0029,24.04,3.21,77.17,2026-04-28T19:39:28.640582
RNI-00075-03,PRN-00075,MAT-0008,8.09,0.19,1.54,2026-04-28T19:39:28.640591
RNI-00076-01,PRN-00076,MAT-0012,35.6,0.33,11.75,2026-04-28T19:39:28.640664
RNI-00076-02,PRN-00076,MAT-0029,49.31,3.21,158.29,2026-04-28T19:39:28.640671
RNI-00076-03,PRN-00076,MAT-0014,50.11,1.77,88.69,2026-04-28T19:39:28.640678
RNI-00076-04,PRN-00076,MAT-0023,7.56,1.04,7.86,2026-04-28T19:39:28.640685
RNI-00077-01,PRN-00077,MAT-0004,10.37,6.66,69.06,2026-04-28T19:39:28.640758
RNI-00077-02,PRN-00077,MAT-0008,29.47,0.19,5.6,2026-04-28T19:39:28.640764
RNI-00078-01,PRN-00078,MAT-0013,9.76,4.9,47.82,2026-04-28T19:39:28.640839
RNI-00078-02,PRN-00078,MAT-0005,3.98,1.04,4.14,2026-04-28T19:39:28.640845
RNI-00078-03,PRN-00078,MAT-0017,13.29,19.83,263.54,2026-04-28T19:39:28.640854
RNI-00078-04,PRN-00078,MAT-0004,38.07,6.66,253.55,2026-04-28T19:39:28.640860
RNI-00079-01,PRN-00079,MAT-0008,62.62,0.19,11.9,2026-04-28T19:39:28.640934
RNI-00079-02,PRN-00079,MAT-0016,21.11,19.07,402.57,2026-04-28T19:39:28.640941
RNI-00079-03,PRN-00079,MAT-0030,37.79,3.24,122.44,2026-04-28T19:39:28.640951
RNI-00080-01,PRN-00080,MAT-0024,18.64,0.91,16.96,2026-04-28T19:39:28.641025
RNI-00080-02,PRN-00080,MAT-0007,11.39,5.07,57.75,2026-04-28T19:39:28.641031
RNI-00081-01,PRN-00081,MAT-0006,55.29,3.97,219.5,2026-04-28T19:39:28.641101
RNI-00081-02,PRN-00081,MAT-0021,62.57,12.8,800.9,2026-04-28T19:39:28.641108
RNI-00081-03,PRN-00081,MAT-0025,74.49,0.86,64.06,2026-04-28T19:39:28.641114
RNI-00081-04,PRN-00081,MAT-0008,29.62,0.19,5.63,2026-04-28T19:39:28.641120
RNI-00082-01,PRN-00082,MAT-0030,52.04,3.24,168.61,2026-04-28T19:39:28.641195
RNI-00082-02,PRN-00082,MAT-0011,3.29,0.98,3.22,2026-04-28T19:39:28.641202
RNI-00082-03,PRN-00082,MAT-0010,59.6,3.22,191.91,2026-04-28T19:39:28.641211
RNI-00083-01,PRN-00083,MAT-0027,37.59,4.17,156.75,2026-04-28T19:39:28.641286
RNI-00083-02,PRN-00083,MAT-0020,2.68,1.32,3.54,2026-04-28T19:39:28.641293
RNI-00083-03,PRN-00083,MAT-0002,39.26,2.34,91.87,2026-04-28T19:39:28.641299
RNI-00084-01,PRN-00084,MAT-0016,12.37,19.07,235.9,2026-04-28T19:39:28.641373
RNI-00084-02,PRN-00084,MAT-0027,11.58,4.17,48.29,2026-04-28T19:39:28.641380
RNI-00085-01,PRN-00085,MAT-0013,38.87,4.9,190.46,2026-04-28T19:39:28.641448
RNI-00085-02,PRN-00085,MAT-0030,44.22,3.24,143.27,2026-04-28T19:39:28.641455
RNI-00085-03,PRN-00085,MAT-0001,35.13,7.32,257.15,2026-04-28T19:39:28.641461
RNI-00085-04,PRN-00085,MAT-0009,14.9,0.7,10.43,2026-04-28T19:39:28.641466
RNI-00086-01,PRN-00086,MAT-0006,9.96,3.97,39.54,2026-04-28T19:39:28.641542
RNI-00086-02,PRN-00086,MAT-0029,22.06,3.21,70.81,2026-04-28T19:39:28.641549
RNI-00087-01,PRN-00087,MAT-0006,4.5,3.97,17.87,2026-04-28T19:39:28.641621
RNI-00087-02,PRN-00087,MAT-0030,22.75,3.24,73.71,2026-04-28T19:39:28.641628
RNI-00088-01,PRN-00088,MAT-0002,9.09,2.34,21.27,2026-04-28T19:39:28.641709
RNI-00088-02,PRN-00088,MAT-0019,12.62,6.14,77.49,2026-04-28T19:39:28.641716
RNI-00089-01,PRN-00089,MAT-0024,9.71,0.91,8.84,2026-04-28T19:39:28.641787
RNI-00089-02,PRN-00089,MAT-0030,30.94,3.24,100.25,2026-04-28T19:39:28.641795
RNI-00089-03,PRN-00089,MAT-0002,2.58,2.34,6.04,2026-04-28T19:39:28.641800
RNI-00090-01,PRN-00090,MAT-0002,89.32,2.34,209.01,2026-04-28T19:39:28.641875
RNI-00090-02,PRN-00090,MAT-0003,45.71,1.86,85.02,2026-04-28T19:39:28.641881
RNI-00090-03,PRN-00090,MAT-0007,51.02,5.07,258.67,2026-04-28T19:39:28.641886
RNI-00091-01,PRN-00091,MAT-0009,8.59,0.7,6.01,2026-04-28T19:39:28.641957
RNI-00091-02,PRN-00091,MAT-0013,32.26,4.9,158.07,2026-04-28T19:39:28.641964
RNI-00092-01,PRN-00092,MAT-0011,9.79,0.98,9.59,2026-04-28T19:39:28.642039
RNI-00092-02,PRN-00092,MAT-0002,12.06,2.34,28.22,2026-04-28T19:39:28.642045
RNI-00093-01,PRN-00093,MAT-0014,69.55,1.77,123.1,2026-04-28T19:39:28.642116
RNI-00093-02,PRN-00093,MAT-0021,33.14,12.8,424.19,2026-04-28T19:39:28.642123
RNI-00093-03,PRN-00093,MAT-0026,2.47,17.31,42.76,2026-04-28T19:39:28.642129
RNI-00094-01,PRN-00094,MAT-0025,9.39,0.86,8.08,2026-04-28T19:39:28.642200
RNI-00094-02,PRN-00094,MAT-0020,62.61,1.32,82.65,2026-04-28T19:39:28.642207
RNI-00095-01,PRN-00095,MAT-0001,14.33,7.32,104.9,2026-04-28T19:39:28.642281
RNI-00095-02,PRN-00095,MAT-0018,8.28,2.44,20.2,2026-04-28T19:39:28.642288
RNI-00095-03,PRN-00095,MAT-0020,14.82,1.32,19.56,2026-04-28T19:39:28.642295
RNI-00096-01,PRN-00096,MAT-0004,5.42,6.66,36.1,2026-04-28T19:39:28.642366
RNI-00096-02,PRN-00096,MAT-0012,16.65,0.33,5.49,2026-04-28T19:39:28.642373
RNI-00096-03,PRN-00096,MAT-0024,13.27,0.91,12.08,2026-04-28T19:39:28.642380
RNI-00096-04,PRN-00096,MAT-0028,7.67,8.92,68.42,2026-04-28T19:39:28.642386
RNI-00097-01,PRN-00097,MAT-0005,32.33,1.04,33.62,2026-04-28T19:39:28.642458
RNI-00097-02,PRN-00097,MAT-0017,64.09,19.83,1270.9,2026-04-28T19:39:28.642464
RNI-00097-03,PRN-00097,MAT-0018,38.31,2.44,93.48,2026-04-28T19:39:28.642470
RNI-00097-04,PRN-00097,MAT-0008,2.14,0.19,0.41,2026-04-28T19:39:28.642476
RNI-00098-01,PRN-00098,MAT-0018,15.97,2.44,38.97,2026-04-28T19:39:28.642549
RNI-00098-02,PRN-00098,MAT-0014,14.32,1.77,25.35,2026-04-28T19:39:28.642555
RNI-00098-03,PRN-00098,MAT-0026,14.78,17.31,255.84,2026-04-28T19:39:28.642562
RNI-00098-04,PRN-00098,MAT-0005,19.12,1.04,19.88,2026-04-28T19:39:28.642567
RNI-00099-01,PRN-00099,MAT-0018,45.01,2.44,109.82,2026-04-28T19:39:28.642635
RNI-00099-02,PRN-00099,MAT-0015,48.55,9.09,441.32,2026-04-28T19:39:28.642641
RNI-00099-03,PRN-00099,MAT-0027,5.3,4.17,22.1,2026-04-28T19:39:28.642648
RNI-00099-04,PRN-00099,MAT-0006,31.72,3.97,125.93,2026-04-28T19:39:28.642653
RNI-00100-01,PRN-00100,MAT-0004,37.43,6.66,249.28,2026-04-28T19:39:28.642720
RNI-00100-02,PRN-00100,MAT-0013,8.13,4.9,39.84,2026-04-28T19:39:28.642726
RNI-00100-03,PRN-00100,MAT-0011,53.28,0.98,52.21,2026-04-28T19:39:28.642732
RNI-00100-04,PRN-00100,MAT-0028,55.59,8.92,495.86,2026-04-28T19:39:28.642739
RNI-00101-01,PRN-00101,MAT-0006,31.02,3.97,123.15,2026-04-28T19:39:28.643005
RNI-00101-02,PRN-00101,MAT-0001,30.59,7.32,223.92,2026-04-28T19:39:28.643015
RNI-00102-01,PRN-00102,MAT-0019,17.36,6.14,106.59,2026-04-28T19:39:28.643138
RNI-00102-02,PRN-00102,MAT-0021,5.67,12.8,72.58,2026-04-28T19:39:28.643148
RNI-00103-01,PRN-00103,MAT-0030,13.58,3.24,44.0,2026-04-28T19:39:28.643259
RNI-00103-02,PRN-00103,MAT-0006,46.49,3.97,184.57,2026-04-28T19:39:28.643300
RNI-00103-03,PRN-00103,MAT-0020,42.67,1.32,56.32,2026-04-28T19:39:28.643319
RNI-00103-04,PRN-00103,MAT-0013,12.11,4.9,59.34,2026-04-28T19:39:28.643329
RNI-00104-01,PRN-00104,MAT-0008,35.99,0.19,6.84,2026-04-28T19:39:28.643470
RNI-00104-02,PRN-00104,MAT-0003,63.24,1.86,117.63,2026-04-28T19:39:28.643477
RNI-00105-01,PRN-00105,MAT-0006,35.36,3.97,140.38,2026-04-28T19:39:28.643567
RNI-00105-02,PRN-00105,MAT-0019,19.51,6.14,119.79,2026-04-28T19:39:28.643574
RNI-00105-03,PRN-00105,MAT-0021,29.32,12.8,375.3,2026-04-28T19:39:28.643581
RNI-00106-01,PRN-00106,MAT-0027,10.27,4.17,42.83,2026-04-28T19:39:28.643659
RNI-00106-02,PRN-00106,MAT-0011,4.65,0.98,4.56,2026-04-28T19:39:28.643666
RNI-00107-01,PRN-00107,MAT-0030,17.17,3.24,55.63,2026-04-28T19:39:28.643747
RNI-00107-02,PRN-00107,MAT-0029,2.68,3.21,8.6,2026-04-28T19:39:28.643754
RNI-00108-01,PRN-00108,MAT-0006,14.9,3.97,59.15,2026-04-28T19:39:28.643827
RNI-00108-02,PRN-00108,MAT-0003,59.94,1.86,111.49,2026-04-28T19:39:28.643834
RNI-00109-01,PRN-00109,MAT-0002,76.07,2.34,178.0,2026-04-28T19:39:28.643907
RNI-00109-02,PRN-00109,MAT-0015,27.41,9.09,249.16,2026-04-28T19:39:28.643914
RNI-00110-01,PRN-00110,MAT-0020,33.32,1.32,43.98,2026-04-28T19:39:28.643987
RNI-00110-02,PRN-00110,MAT-0021,6.33,12.8,81.02,2026-04-28T19:39:28.643994
RNI-00111-01,PRN-00111,MAT-0023,40.38,1.04,42.0,2026-04-28T19:39:28.644062
RNI-00111-02,PRN-00111,MAT-0003,41.08,1.86,76.41,2026-04-28T19:39:28.644068
RNI-00112-01,PRN-00112,MAT-0002,11.07,2.34,25.9,2026-04-28T19:39:28.644144
RNI-00112-02,PRN-00112,MAT-0027,15.29,4.17,63.76,2026-04-28T19:39:28.644152
RNI-00112-03,PRN-00112,MAT-0003,42.11,1.86,78.32,2026-04-28T19:39:28.644158
RNI-00113-01,PRN-00113,MAT-0008,12.95,0.19,2.46,2026-04-28T19:39:28.644238
RNI-00113-02,PRN-00113,MAT-0018,17.15,2.44,41.85,2026-04-28T19:39:28.644245
RNI-00113-03,PRN-00113,MAT-0001,8.64,7.32,63.24,2026-04-28T19:39:28.644250
RNI-00114-01,PRN-00114,MAT-0012,10.3,0.33,3.4,2026-04-28T19:39:28.644319
RNI-00114-02,PRN-00114,MAT-0004,28.34,6.66,188.74,2026-04-28T19:39:28.644325
RNI-00114-03,PRN-00114,MAT-0010,39.24,3.22,126.35,2026-04-28T19:39:28.644331
RNI-00115-01,PRN-00115,MAT-0018,30.89,2.44,75.37,2026-04-28T19:39:28.644403
RNI-00115-02,PRN-00115,MAT-0024,52.62,0.91,47.88,2026-04-28T19:39:28.644410
RNI-00115-03,PRN-00115,MAT-0008,71.27,0.19,13.54,2026-04-28T19:39:28.644416
RNI-00116-01,PRN-00116,MAT-0030,32.81,3.24,106.3,2026-04-28T19:39:28.644484
RNI-00116-02,PRN-00116,MAT-0028,32.99,8.92,294.27,2026-04-28T19:39:28.644491
RNI-00116-03,PRN-00116,MAT-0016,4.19,19.07,79.9,2026-04-28T19:39:28.644497
RNI-00117-01,PRN-00117,MAT-0022,28.26,7.23,204.32,2026-04-28T19:39:28.644568
RNI-00117-02,PRN-00117,MAT-0024,64.63,0.91,58.81,2026-04-28T19:39:28.644575
RNI-00117-03,PRN-00117,MAT-0010,61.03,3.22,196.52,2026-04-28T19:39:28.644581
RNI-00117-04,PRN-00117,MAT-0016,46.9,19.07,894.38,2026-04-28T19:39:28.644587
RNI-00118-01,PRN-00118,MAT-0027,27.74,4.17,115.68,2026-04-28T19:39:28.644665
RNI-00118-02,PRN-00118,MAT-0002,20.06,2.34,46.94,2026-04-28T19:39:28.644671
RNI-00118-03,PRN-00118,MAT-0021,15.96,12.8,204.29,2026-04-28T19:39:28.644678
RNI-00119-01,PRN-00119,MAT-0001,8.09,7.32,59.22,2026-04-28T19:39:28.644750
RNI-00119-02,PRN-00119,MAT-0015,8.45,9.09,76.81,2026-04-28T19:39:28.644757
RNI-00119-03,PRN-00119,MAT-0027,17.35,4.17,72.35,2026-04-28T19:39:28.644763
RNI-00120-01,PRN-00120,MAT-0025,4.62,0.86,3.97,2026-04-28T19:39:28.644836
RNI-00120-02,PRN-00120,MAT-0002,8.36,2.34,19.56,2026-04-28T19:39:28.644842
RNI-00121-01,PRN-00121,MAT-0018,23.92,2.44,58.36,2026-04-28T19:39:28.644915
RNI-00121-02,PRN-00121,MAT-0001,43.14,7.32,315.78,2026-04-28T19:39:28.644921
RNI-00121-03,PRN-00121,MAT-0024,42.63,0.91,38.79,2026-04-28T19:39:28.644931
RNI-00122-01,PRN-00122,MAT-0011,32.51,0.98,31.86,2026-04-28T19:39:28.645082
RNI-00122-02,PRN-00122,MAT-0002,69.34,2.34,162.26,2026-04-28T19:39:28.645089
RNI-00122-03,PRN-00122,MAT-0024,8.76,0.91,7.97,2026-04-28T19:39:28.645096
RNI-00123-01,PRN-00123,MAT-0014,16.63,1.77,29.44,2026-04-28T19:39:28.645194
RNI-00123-02,PRN-00123,MAT-0024,36.42,0.91,33.14,2026-04-28T19:39:28.645201
RNI-00123-03,PRN-00123,MAT-0020,37.73,1.32,49.8,2026-04-28T19:39:28.645207
RNI-00124-01,PRN-00124,MAT-0029,5.89,3.21,18.91,2026-04-28T19:39:28.645290
RNI-00124-02,PRN-00124,MAT-0030,14.02,3.24,45.42,2026-04-28T19:39:28.645297
RNI-00124-03,PRN-00124,MAT-0008,12.38,0.19,2.35,2026-04-28T19:39:28.645302
RNI-00124-04,PRN-00124,MAT-0007,6.37,5.07,32.3,2026-04-28T19:39:28.645308
RNI-00125-01,PRN-00125,MAT-0015,15.48,9.09,140.71,2026-04-28T19:39:28.645385
RNI-00125-02,PRN-00125,MAT-0003,17.46,1.86,32.48,2026-04-28T19:39:28.645392
RNI-00125-03,PRN-00125,MAT-0007,23.61,5.07,119.7,2026-04-28T19:39:28.645402
RNI-00125-04,PRN-00125,MAT-0012,12.11,0.33,4.0,2026-04-28T19:39:28.645408
RNI-00126-01,PRN-00126,MAT-0008,17.63,0.19,3.35,2026-04-28T19:39:28.645580
RNI-00126-02,PRN-00126,MAT-0027,16.63,4.17,69.35,2026-04-28T19:39:28.645588
RNI-00127-01,PRN-00127,MAT-0022,10.92,7.23,78.95,2026-04-28T19:39:28.645726
RNI-00127-02,PRN-00127,MAT-0023,9.91,1.04,10.31,2026-04-28T19:39:28.645735
RNI-00127-03,PRN-00127,MAT-0017,9.78,19.83,193.94,2026-04-28T19:39:28.645742
RNI-00128-01,PRN-00128,MAT-0018,12.96,2.44,31.62,2026-04-28T19:39:28.645837
RNI-00128-02,PRN-00128,MAT-0010,1.19,3.22,3.83,2026-04-28T19:39:28.645844
RNI-00128-03,PRN-00128,MAT-0002,10.27,2.34,24.03,2026-04-28T19:39:28.645849
RNI-00129-01,PRN-00129,MAT-0001,40.16,7.32,293.97,2026-04-28T19:39:28.645958
RNI-00129-02,PRN-00129,MAT-0011,1.17,0.98,1.15,2026-04-28T19:39:28.645982
RNI-00129-03,PRN-00129,MAT-0029,23.17,3.21,74.38,2026-04-28T19:39:28.645990
RNI-00130-01,PRN-00130,MAT-0006,35.72,3.97,141.81,2026-04-28T19:39:28.646116
RNI-00130-02,PRN-00130,MAT-0028,22.13,8.92,197.4,2026-04-28T19:39:28.646125
RNI-00130-03,PRN-00130,MAT-0017,22.35,19.83,443.2,2026-04-28T19:39:28.646131
RNI-00130-04,PRN-00130,MAT-0025,26.89,0.86,23.13,2026-04-28T19:39:28.646137
RNI-00131-01,PRN-00131,MAT-0027,10.66,4.17,44.45,2026-04-28T19:39:28.646233
RNI-00131-02,PRN-00131,MAT-0004,8.6,6.66,57.28,2026-04-28T19:39:28.646239
RNI-00131-03,PRN-00131,MAT-0014,1.39,1.77,2.46,2026-04-28T19:39:28.646245
RNI-00132-01,PRN-00132,MAT-0025,35.32,0.86,30.38,2026-04-28T19:39:28.646321
RNI-00132-02,PRN-00132,MAT-0008,2.41,0.19,0.46,2026-04-28T19:39:28.646327
RNI-00132-03,PRN-00132,MAT-0002,55.09,2.34,128.91,2026-04-28T19:39:28.646338
RNI-00133-01,PRN-00133,MAT-0011,18.57,0.98,18.2,2026-04-28T19:39:28.646409
RNI-00133-02,PRN-00133,MAT-0004,11.74,6.66,78.19,2026-04-28T19:39:28.646415
RNI-00134-01,PRN-00134,MAT-0007,3.21,5.07,16.27,2026-04-28T19:39:28.646493
RNI-00134-02,PRN-00134,MAT-0003,5.56,1.86,10.34,2026-04-28T19:39:28.646503
RNI-00135-01,PRN-00135,MAT-0027,11.65,4.17,48.58,2026-04-28T19:39:28.646577
RNI-00135-02,PRN-00135,MAT-0016,92.64,19.07,1766.64,2026-04-28T19:39:28.646585
RNI-00136-01,PRN-00136,MAT-0005,5.95,1.04,6.19,2026-04-28T19:39:28.646657
RNI-00136-02,PRN-00136,MAT-0027,6.0,4.17,25.02,2026-04-28T19:39:28.646664
RNI-00136-03,PRN-00136,MAT-0002,35.49,2.34,83.05,2026-04-28T19:39:28.646670
RNI-00136-04,PRN-00136,MAT-0003,32.63,1.86,60.69,2026-04-28T19:39:28.646675
RNI-00137-01,PRN-00137,MAT-0022,37.17,7.23,268.74,2026-04-28T19:39:28.646748
RNI-00137-02,PRN-00137,MAT-0016,79.58,19.07,1517.59,2026-04-28T19:39:28.646754
RNI-00137-03,PRN-00137,MAT-0019,32.23,6.14,197.89,2026-04-28T19:39:28.646760
RNI-00138-01,PRN-00138,MAT-0001,74.57,7.32,545.85,2026-04-28T19:39:28.646837
RNI-00138-02,PRN-00138,MAT-0026,41.92,17.31,725.64,2026-04-28T19:39:28.646844
RNI-00138-03,PRN-00138,MAT-0014,38.3,1.77,67.79,2026-04-28T19:39:28.646850
RNI-00139-01,PRN-00139,MAT-0007,10.77,5.07,54.6,2026-04-28T19:39:28.646926
RNI-00139-02,PRN-00139,MAT-0004,2.7,6.66,17.98,2026-04-28T19:39:28.646932
RNI-00139-03,PRN-00139,MAT-0021,76.31,12.8,976.77,2026-04-28T19:39:28.646938
RNI-00139-04,PRN-00139,MAT-0012,52.9,0.33,17.46,2026-04-28T19:39:28.646944
RNI-00140-01,PRN-00140,MAT-0002,21.14,2.34,49.47,2026-04-28T19:39:28.647015
RNI-00140-02,PRN-00140,MAT-0019,12.82,6.14,78.71,2026-04-28T19:39:28.647021
RNI-00140-03,PRN-00140,MAT-0023,21.93,1.04,22.81,2026-04-28T19:39:28.647028
RNI-00140-04,PRN-00140,MAT-0007,15.0,5.07,76.05,2026-04-28T19:39:28.647033
RNI-00141-01,PRN-00141,MAT-0027,26.91,4.17,112.21,2026-04-28T19:39:28.647106
RNI-00141-02,PRN-00141,MAT-0013,40.71,4.9,199.48,2026-04-28T19:39:28.647112
RNI-00141-03,PRN-00141,MAT-0001,28.7,7.32,210.08,2026-04-28T19:39:28.647118
RNI-00142-01,PRN-00142,MAT-0020,64.94,1.32,85.72,2026-04-28T19:39:28.647188
RNI-00142-02,PRN-00142,MAT-0004,39.53,6.66,263.27,2026-04-28T19:39:28.647203
RNI-00143-01,PRN-00143,MAT-0007,3.22,5.07,16.33,2026-04-28T19:39:28.647279
RNI-00143-02,PRN-00143,MAT-0009,8.37,0.7,5.86,2026-04-28T19:39:28.647285
RNI-00143-03,PRN-00143,MAT-0002,5.55,2.34,12.99,2026-04-28T19:39:28.647290
RNI-00144-01,PRN-00144,MAT-0013,4.94,4.9,24.21,2026-04-28T19:39:28.647362
RNI-00144-02,PRN-00144,MAT-0024,9.35,0.91,8.51,2026-04-28T19:39:28.647369
RNI-00144-03,PRN-00144,MAT-0022,0.48,7.23,3.47,2026-04-28T19:39:28.647375
RNI-00145-01,PRN-00145,MAT-0024,12.59,0.91,11.46,2026-04-28T19:39:28.647453
RNI-00145-02,PRN-00145,MAT-0007,6.94,5.07,35.19,2026-04-28T19:39:28.647459
RNI-00145-03,PRN-00145,MAT-0018,15.14,2.44,36.94,2026-04-28T19:39:28.647465
RNI-00146-01,PRN-00146,MAT-0026,4.14,17.31,71.66,2026-04-28T19:39:28.647531
RNI-00146-02,PRN-00146,MAT-0020,12.87,1.32,16.99,2026-04-28T19:39:28.647538
RNI-00146-03,PRN-00146,MAT-0019,13.66,6.14,83.87,2026-04-28T19:39:28.647544
RNI-00147-01,PRN-00147,MAT-0016,3.74,19.07,71.32,2026-04-28T19:39:28.647625
RNI-00147-02,PRN-00147,MAT-0021,13.37,12.8,171.14,2026-04-28T19:39:28.647632
RNI-00147-03,PRN-00147,MAT-0022,2.59,7.23,18.73,2026-04-28T19:39:28.647641
RNI-00147-04,PRN-00147,MAT-0013,35.14,4.9,172.19,2026-04-28T19:39:28.647647
RNI-00148-01,PRN-00148,MAT-0018,36.71,2.44,89.57,2026-04-28T19:39:28.647720
RNI-00148-02,PRN-00148,MAT-0005,16.62,1.04,17.28,2026-04-28T19:39:28.647726
RNI-00149-01,PRN-00149,MAT-0009,71.69,0.7,50.18,2026-04-28T19:39:28.647793
RNI-00149-02,PRN-00149,MAT-0014,30.17,1.77,53.4,2026-04-28T19:39:28.647800
RNI-00149-03,PRN-00149,MAT-0027,34.91,4.17,145.57,2026-04-28T19:39:28.647806
RNI-00149-04,PRN-00149,MAT-0028,44.7,8.92,398.72,2026-04-28T19:39:28.647813
RNI-00150-01,PRN-00150,MAT-0003,62.24,1.86,115.77,2026-04-28T19:39:28.647879
RNI-00150-02,PRN-00150,MAT-0021,21.4,12.8,273.92,2026-04-28T19:39:28.647886
RNI-00150-03,PRN-00150,MAT-0002,70.71,2.34,165.46,2026-04-28T19:39:28.647891
RNI-00150-04,PRN-00150,MAT-0007,16.03,5.07,81.27,2026-04-28T19:39:28.647897
RNI-00151-01,PRN-00151,MAT-0020,51.77,1.32,68.34,2026-04-28T19:39:28.648123
RNI-00151-02,PRN-00151,MAT-0018,27.07,2.44,66.05,2026-04-28T19:39:28.648138
RNI-00151-03,PRN-00151,MAT-0024,54.2,0.91,49.32,2026-04-28T19:39:28.648150
RNI-00152-01,PRN-00152,MAT-0023,6.19,1.04,6.44,2026-04-28T19:39:28.648348
RNI-00152-02,PRN-00152,MAT-0020,34.64,1.32,45.72,2026-04-28T19:39:28.648365
RNI-00153-01,PRN-00153,MAT-0029,74.0,3.21,237.54,2026-04-28T19:39:28.648635
RNI-00153-02,PRN-00153,MAT-0002,16.64,2.34,38.94,2026-04-28T19:39:28.648643
RNI-00153-03,PRN-00153,MAT-0006,42.77,3.97,169.8,2026-04-28T19:39:28.648649
RNI-00153-04,PRN-00153,MAT-0026,45.87,17.31,794.01,2026-04-28T19:39:28.648655
RNI-00154-01,PRN-00154,MAT-0025,7.56,0.86,6.5,2026-04-28T19:39:28.648803
RNI-00154-02,PRN-00154,MAT-0030,2.73,3.24,8.85,2026-04-28T19:39:28.648853
RNI-00155-01,PRN-00155,MAT-0014,57.27,1.77,101.37,2026-04-28T19:39:28.648963
RNI-00155-02,PRN-00155,MAT-0017,45.4,19.83,900.28,2026-04-28T19:39:28.648971
RNI-00156-01,PRN-00156,MAT-0016,30.49,19.07,581.44,2026-04-28T19:39:28.649059
RNI-00156-02,PRN-00156,MAT-0009,11.51,0.7,8.06,2026-04-28T19:39:28.649065
RNI-00156-03,PRN-00156,MAT-0010,18.64,3.22,60.02,2026-04-28T19:39:28.649072
RNI-00157-01,PRN-00157,MAT-0018,7.81,2.44,19.06,2026-04-28T19:39:28.649209
RNI-00157-02,PRN-00157,MAT-0009,20.59,0.7,14.41,2026-04-28T19:39:28.649221
RNI-00157-03,PRN-00157,MAT-0016,18.26,19.07,348.22,2026-04-28T19:39:28.649234
RNI-00158-01,PRN-00158,MAT-0013,16.69,4.9,81.78,2026-04-28T19:39:28.649375
RNI-00158-02,PRN-00158,MAT-0019,23.52,6.14,144.41,2026-04-28T19:39:28.649383
RNI-00159-01,PRN-00159,MAT-0009,1.85,0.7,1.29,2026-04-28T19:39:28.649468
RNI-00159-02,PRN-00159,MAT-0016,1.03,19.07,19.64,2026-04-28T19:39:28.649475
RNI-00160-01,PRN-00160,MAT-0016,5.67,19.07,108.13,2026-04-28T19:39:28.649641
RNI-00160-02,PRN-00160,MAT-0004,35.12,6.66,233.9,2026-04-28T19:39:28.649648
RNI-00160-03,PRN-00160,MAT-0006,75.65,3.97,300.33,2026-04-28T19:39:28.649654
RNI-00161-01,PRN-00161,MAT-0008,9.14,0.19,1.74,2026-04-28T19:39:28.649745
RNI-00161-02,PRN-00161,MAT-0020,6.92,1.32,9.13,2026-04-28T19:39:28.649752
RNI-00162-01,PRN-00162,MAT-0018,33.28,2.44,81.2,2026-04-28T19:39:28.649840
RNI-00162-02,PRN-00162,MAT-0008,41.96,0.19,7.97,2026-04-28T19:39:28.649847
RNI-00162-03,PRN-00162,MAT-0019,21.14,6.14,129.8,2026-04-28T19:39:28.649853
RNI-00162-04,PRN-00162,MAT-0004,34.59,6.66,230.37,2026-04-28T19:39:28.650032
RNI-00163-01,PRN-00163,MAT-0017,17.54,19.83,347.82,2026-04-28T19:39:28.650212
RNI-00163-02,PRN-00163,MAT-0006,12.71,3.97,50.46,2026-04-28T19:39:28.650237
RNI-00163-03,PRN-00163,MAT-0009,37.22,0.7,26.05,2026-04-28T19:39:28.650272
RNI-00164-01,PRN-00164,MAT-0024,26.64,0.91,24.24,2026-04-28T19:39:28.650393
RNI-00164-02,PRN-00164,MAT-0009,4.45,0.7,3.11,2026-04-28T19:39:28.650401
RNI-00165-01,PRN-00165,MAT-0018,24.62,2.44,60.07,2026-04-28T19:39:28.650481
RNI-00165-02,PRN-00165,MAT-0026,22.36,17.31,387.05,2026-04-28T19:39:28.650488
RNI-00166-01,PRN-00166,MAT-0028,55.82,8.92,497.91,2026-04-28T19:39:28.650569
RNI-00166-02,PRN-00166,MAT-0001,15.22,7.32,111.41,2026-04-28T19:39:28.650575
RNI-00166-03,PRN-00166,MAT-0030,46.18,3.24,149.62,2026-04-28T19:39:28.650582
RNI-00167-01,PRN-00167,MAT-0008,8.64,0.19,1.64,2026-04-28T19:39:28.650825
RNI-00167-02,PRN-00167,MAT-0010,9.72,3.22,31.3,2026-04-28T19:39:28.650843
RNI-00167-03,PRN-00167,MAT-0002,14.91,2.34,34.89,2026-04-28T19:39:28.650866
RNI-00168-01,PRN-00168,MAT-0006,7.39,3.97,29.34,2026-04-28T19:39:28.651005
RNI-00168-02,PRN-00168,MAT-0027,85.8,4.17,357.79,2026-04-28T19:39:28.651014
RNI-00168-03,PRN-00168,MAT-0010,8.32,3.22,26.79,2026-04-28T19:39:28.651026
RNI-00169-01,PRN-00169,MAT-0011,22.27,0.98,21.82,2026-04-28T19:39:28.651119
RNI-00169-02,PRN-00169,MAT-0015,12.19,9.09,110.81,2026-04-28T19:39:28.651126
RNI-00170-01,PRN-00170,MAT-0016,8.31,19.07,158.47,2026-04-28T19:39:28.651209
RNI-00170-02,PRN-00170,MAT-0020,3.2,1.32,4.22,2026-04-28T19:39:28.651216
RNI-00170-03,PRN-00170,MAT-0030,7.4,3.24,23.98,2026-04-28T19:39:28.651227
RNI-00170-04,PRN-00170,MAT-0005,7.49,1.04,7.79,2026-04-28T19:39:28.651233
RNI-00171-01,PRN-00171,MAT-0029,5.45,3.21,17.49,2026-04-28T19:39:28.651311
RNI-00171-02,PRN-00171,MAT-0021,62.11,12.8,795.01,2026-04-28T19:39:28.651318
RNI-00171-03,PRN-00171,MAT-0026,21.33,17.31,369.22,2026-04-28T19:39:28.651325
RNI-00172-01,PRN-00172,MAT-0009,43.35,0.7,30.34,2026-04-28T19:39:28.651394
RNI-00172-02,PRN-00172,MAT-0007,25.91,5.07,131.36,2026-04-28T19:39:28.651401
RNI-00172-03,PRN-00172,MAT-0006,62.09,3.97,246.5,2026-04-28T19:39:28.651406
RNI-00172-04,PRN-00172,MAT-0008,41.5,0.19,7.88,2026-04-28T19:39:28.651416
RNI-00173-01,PRN-00173,MAT-0027,50.3,4.17,209.75,2026-04-28T19:39:28.651517
RNI-00173-02,PRN-00173,MAT-0016,10.41,19.07,198.52,2026-04-28T19:39:28.651528
RNI-00173-03,PRN-00173,MAT-0006,25.59,3.97,101.59,2026-04-28T19:39:28.651534
RNI-00174-01,PRN-00174,MAT-0021,6.68,12.8,85.5,2026-04-28T19:39:28.651626
RNI-00174-02,PRN-00174,MAT-0013,87.45,4.9,428.51,2026-04-28T19:39:28.651633
RNI-00175-01,PRN-00175,MAT-0013,16.61,4.9,81.39,2026-04-28T19:39:28.651701
RNI-00175-02,PRN-00175,MAT-0004,23.33,6.66,155.38,2026-04-28T19:39:28.651707
RNI-00175-03,PRN-00175,MAT-0016,23.55,19.07,449.1,2026-04-28T19:39:28.651713
RNI-00176-01,PRN-00176,MAT-0027,26.57,4.17,110.8,2026-04-28T19:39:28.651785
RNI-00176-02,PRN-00176,MAT-0026,27.88,17.31,482.6,2026-04-28T19:39:28.651793
RNI-00176-03,PRN-00176,MAT-0017,19.95,19.83,395.61,2026-04-28T19:39:28.651799
RNI-00176-04,PRN-00176,MAT-0028,4.02,8.92,35.86,2026-04-28T19:39:28.651806
RNI-00177-01,PRN-00177,MAT-0014,60.26,1.77,106.66,2026-04-28T19:39:28.651878
RNI-00177-02,PRN-00177,MAT-0008,38.01,0.19,7.22,2026-04-28T19:39:28.651885
RNI-00177-03,PRN-00177,MAT-0012,15.64,0.33,5.16,2026-04-28T19:39:28.651890
RNI-00177-04,PRN-00177,MAT-0026,69.24,17.31,1198.54,2026-04-28T19:39:28.651897
RNI-00178-01,PRN-00178,MAT-0016,49.04,19.07,935.19,2026-04-28T19:39:28.651974
RNI-00178-02,PRN-00178,MAT-0025,72.19,0.86,62.08,2026-04-28T19:39:28.651984
RNI-00178-03,PRN-00178,MAT-0009,72.5,0.7,50.75,2026-04-28T19:39:28.651990
RNI-00178-04,PRN-00178,MAT-0020,54.08,1.32,71.39,2026-04-28T19:39:28.651996
RNI-00179-01,PRN-00179,MAT-0025,18.02,0.86,15.5,2026-04-28T19:39:28.652071
RNI-00179-02,PRN-00179,MAT-0024,15.98,0.91,14.54,2026-04-28T19:39:28.652078
RNI-00179-03,PRN-00179,MAT-0020,17.72,1.32,23.39,2026-04-28T19:39:28.652084
RNI-00180-01,PRN-00180,MAT-0018,17.04,2.44,41.58,2026-04-28T19:39:28.652157
RNI-00180-02,PRN-00180,MAT-0007,9.69,5.07,49.13,2026-04-28T19:39:28.652163
RNI-00180-03,PRN-00180,MAT-0016,17.44,19.07,332.58,2026-04-28T19:39:28.652169
RNI-00181-01,PRN-00181,MAT-0028,43.69,8.92,389.71,2026-04-28T19:39:28.652242
RNI-00181-02,PRN-00181,MAT-0030,15.53,3.24,50.32,2026-04-28T19:39:28.652250
RNI-00182-01,PRN-00182,MAT-0023,20.87,1.04,21.7,2026-04-28T19:39:28.652317
RNI-00182-02,PRN-00182,MAT-0024,48.37,0.91,44.02,2026-04-28T19:39:28.652325
RNI-00182-03,PRN-00182,MAT-0020,44.69,1.32,58.99,2026-04-28T19:39:28.652334
RNI-00183-01,PRN-00183,MAT-0021,5.04,12.8,64.51,2026-04-28T19:39:28.652411
RNI-00183-02,PRN-00183,MAT-0018,5.18,2.44,12.64,2026-04-28T19:39:28.652418
RNI-00184-01,PRN-00184,MAT-0025,6.82,0.86,5.87,2026-04-28T19:39:28.652491
RNI-00184-02,PRN-00184,MAT-0018,39.33,2.44,95.97,2026-04-28T19:39:28.652498
RNI-00184-03,PRN-00184,MAT-0010,36.0,3.22,115.92,2026-04-28T19:39:28.652504
RNI-00185-01,PRN-00185,MAT-0001,12.33,7.32,90.26,2026-04-28T19:39:28.652579
RNI-00185-02,PRN-00185,MAT-0030,12.21,3.24,39.56,2026-04-28T19:39:28.652587
RNI-00186-01,PRN-00186,MAT-0006,25.15,3.97,99.85,2026-04-28T19:39:28.652655
RNI-00186-02,PRN-00186,MAT-0028,54.94,8.92,490.06,2026-04-28T19:39:28.652662
RNI-00186-03,PRN-00186,MAT-0005,54.49,1.04,56.67,2026-04-28T19:39:28.652668
RNI-00186-04,PRN-00186,MAT-0021,23.31,12.8,298.37,2026-04-28T19:39:28.652674
RNI-00187-01,PRN-00187,MAT-0014,32.97,1.77,58.36,2026-04-28T19:39:28.652747
RNI-00187-02,PRN-00187,MAT-0008,42.35,0.19,8.05,2026-04-28T19:39:28.652753
RNI-00187-03,PRN-00187,MAT-0001,64.95,7.32,475.43,2026-04-28T19:39:28.652758
RNI-00187-04,PRN-00187,MAT-0025,54.21,0.86,46.62,2026-04-28T19:39:28.652765
RNI-00188-01,PRN-00188,MAT-0019,54.94,6.14,337.33,2026-04-28T19:39:28.652841
RNI-00188-02,PRN-00188,MAT-0006,66.44,3.97,263.77,2026-04-28T19:39:28.652847
RNI-00189-01,PRN-00189,MAT-0010,12.37,3.22,39.83,2026-04-28T19:39:28.652916
RNI-00189-02,PRN-00189,MAT-0019,4.84,6.14,29.72,2026-04-28T19:39:28.652922
RNI-00189-03,PRN-00189,MAT-0021,0.89,12.8,11.39,2026-04-28T19:39:28.652929
RNI-00189-04,PRN-00189,MAT-0007,13.33,5.07,67.58,2026-04-28T19:39:28.652934
RNI-00190-01,PRN-00190,MAT-0013,19.67,4.9,96.38,2026-04-28T19:39:28.653007
RNI-00190-02,PRN-00190,MAT-0007,2.32,5.07,11.76,2026-04-28T19:39:28.653013
RNI-00190-03,PRN-00190,MAT-0028,27.28,8.92,243.34,2026-04-28T19:39:28.653019
RNI-00190-04,PRN-00190,MAT-0022,24.92,7.23,180.17,2026-04-28T19:39:28.653026
RNI-00191-01,PRN-00191,MAT-0006,26.25,3.97,104.21,2026-04-28T19:39:28.653104
RNI-00191-02,PRN-00191,MAT-0008,40.95,0.19,7.78,2026-04-28T19:39:28.653110
RNI-00192-01,PRN-00192,MAT-0011,66.65,0.98,65.32,2026-04-28T19:39:28.653182
RNI-00192-02,PRN-00192,MAT-0003,26.85,1.86,49.94,2026-04-28T19:39:28.653188
RNI-00193-01,PRN-00193,MAT-0007,18.92,5.07,95.92,2026-04-28T19:39:28.653254
RNI-00193-02,PRN-00193,MAT-0020,17.18,1.32,22.68,2026-04-28T19:39:28.653319
RNI-00194-01,PRN-00194,MAT-0017,1.54,19.83,30.54,2026-04-28T19:39:28.653432
RNI-00194-02,PRN-00194,MAT-0001,25.42,7.32,186.07,2026-04-28T19:39:28.653438
RNI-00195-01,PRN-00195,MAT-0027,27.16,4.17,113.26,2026-04-28T19:39:28.653578
RNI-00195-02,PRN-00195,MAT-0017,45.45,19.83,901.27,2026-04-28T19:39:28.653586
RNI-00196-01,PRN-00196,MAT-0009,9.45,0.7,6.61,2026-04-28T19:39:28.653671
RNI-00196-02,PRN-00196,MAT-0020,60.06,1.32,79.28,2026-04-28T19:39:28.653678
RNI-00196-03,PRN-00196,MAT-0015,3.1,9.09,28.18,2026-04-28T19:39:28.653684
RNI-00196-04,PRN-00196,MAT-0008,25.76,0.19,4.89,2026-04-28T19:39:28.653696
RNI-00197-01,PRN-00197,MAT-0010,23.27,3.22,74.93,2026-04-28T19:39:28.653771
RNI-00197-02,PRN-00197,MAT-0028,7.67,8.92,68.42,2026-04-28T19:39:28.653778
RNI-00198-01,PRN-00198,MAT-0030,52.39,3.24,169.74,2026-04-28T19:39:28.653861
RNI-00198-02,PRN-00198,MAT-0016,30.2,19.07,575.91,2026-04-28T19:39:28.653868
RNI-00198-03,PRN-00198,MAT-0005,33.94,1.04,35.3,2026-04-28T19:39:28.653874
RNI-00198-04,PRN-00198,MAT-0024,12.01,0.91,10.93,2026-04-28T19:39:28.653880
RNI-00199-01,PRN-00199,MAT-0004,11.79,6.66,78.52,2026-04-28T19:39:28.653955
RNI-00199-02,PRN-00199,MAT-0002,88.57,2.34,207.25,2026-04-28T19:39:28.653961
RNI-00199-03,PRN-00199,MAT-0012,94.02,0.33,31.03,2026-04-28T19:39:28.653967
RNI-00199-04,PRN-00199,MAT-0025,82.6,0.86,71.04,2026-04-28T19:39:28.653973
RNI-00200-01,PRN-00200,MAT-0023,40.02,1.04,41.62,2026-04-28T19:39:28.654048
RNI-00200-02,PRN-00200,MAT-0002,46.06,2.34,107.78,2026-04-28T19:39:28.654054
