po_item_id,purchase_order_id,material_id,qty_ordered,qty_received,unit_price,total_cost,_loaded_at
POI-000001-01,PO-000001,MAT-0008,610,385,0.17,103.7,2026-04-28T19:39:28.604589
POI-000001-02,PO-000001,MAT-0015,850,439,10.07,8559.5,2026-04-28T19:39:28.604596
POI-000001-03,PO-000001,MAT-0005,926,373,0.99,916.74,2026-04-28T19:39:28.604602
POI-000002-01,PO-000002,MAT-0023,729,694,0.97,707.13,2026-04-28T19:39:28.604699
POI-000003-01,PO-000003,MAT-0026,931,,16.95,15780.45,2026-04-28T19:39:28.604781
POI-000003-02,PO-000003,MAT-0024,694,,0.86,596.84,2026-04-28T19:39:28.604787
POI-000003-03,PO-000003,MAT-0004,680,,7.41,5038.8,2026-04-28T19:39:28.604793
POI-000003-04,PO-000003,MAT-0023,524,,1.1,576.4,2026-04-28T19:39:28.604799
POI-000003-05,PO-000003,MAT-0028,655,,7.78,5095.9,2026-04-28T19:39:28.604804
POI-000004-01,PO-000004,MAT-0014,619,439,1.81,1120.39,2026-04-28T19:39:28.604892
POI-000004-02,PO-000004,MAT-0023,72,53,0.97,69.84,2026-04-28T19:39:28.604898
POI-000005-01,PO-000005,MAT-0020,508,,1.26,640.08,2026-04-28T19:39:28.604972
POI-000006-01,PO-000006,MAT-0002,533,,2.27,1209.91,2026-04-28T19:39:28.605046
POI-000006-02,PO-000006,MAT-0015,100,,10.01,1001.0,2026-04-28T19:39:28.605052
POI-000006-03,PO-000006,MAT-0014,741,,2.02,1496.82,2026-04-28T19:39:28.605057
POI-000006-04,PO-000006,MAT-0027,639,,3.58,2287.62,2026-04-28T19:39:28.605062
POI-000007-01,PO-000007,MAT-0023,799,438,0.97,775.03,2026-04-28T19:39:28.605136
POI-000007-02,PO-000007,MAT-0015,232,94,9.12,2115.84,2026-04-28T19:39:28.605143
POI-000007-03,PO-000007,MAT-0014,620,463,1.81,1122.2,2026-04-28T19:39:28.605150
POI-000008-01,PO-000008,MAT-0022,877,,8.7,7629.9,2026-04-28T19:39:28.605222
POI-000008-02,PO-000008,MAT-0027,111,,4.22,468.42,2026-04-28T19:39:28.605228
POI-000008-03,PO-000008,MAT-0010,117,,3.34,390.78,2026-04-28T19:39:28.605233
POI-000009-01,PO-000009,MAT-0022,576,561,8.7,5011.2,2026-04-28T19:39:28.605308
POI-000010-01,PO-000010,MAT-0023,439,422,0.97,425.83,2026-04-28T19:39:28.605383
POI-000010-02,PO-000010,MAT-0014,837,821,1.81,1514.97,2026-04-28T19:39:28.605389
POI-000010-03,PO-000010,MAT-0015,914,863,9.12,8335.68,2026-04-28T19:39:28.605395
POI-000011-01,PO-000011,MAT-0020,935,868,1.28,1196.8,2026-04-28T19:39:28.605545
POI-000011-02,PO-000011,MAT-0017,433,404,18.41,7971.53,2026-04-28T19:39:28.605582
POI-000011-03,PO-000011,MAT-0028,152,146,9.26,1407.52,2026-04-28T19:39:28.605599
POI-000011-04,PO-000011,MAT-0021,439,416,12.79,5614.81,2026-04-28T19:39:28.605606
POI-000011-05,PO-000011,MAT-0018,347,306,2.61,905.67,2026-04-28T19:39:28.605613
POI-000012-01,PO-000012,MAT-0018,677,,2.61,1766.97,2026-04-28T19:39:28.605725
POI-000012-02,PO-000012,MAT-0021,719,,12.79,9196.01,2026-04-28T19:39:28.605730
POI-000012-03,PO-000012,MAT-0028,847,,9.26,7843.22,2026-04-28T19:39:28.605736
POI-000013-01,PO-000013,MAT-0020,882,629,1.26,1111.32,2026-04-28T19:39:28.605817
POI-000014-01,PO-000014,MAT-0020,482,455,1.26,607.32,2026-04-28T19:39:28.605891
POI-000015-01,PO-000015,MAT-0027,955,912,3.58,3418.9,2026-04-28T19:39:28.605962
POI-000015-02,PO-000015,MAT-0014,113,101,2.02,228.26,2026-04-28T19:39:28.605969
POI-000016-01,PO-000016,MAT-0023,257,,0.97,249.29,2026-04-28T19:39:28.606036
POI-000016-02,PO-000016,MAT-0014,600,,1.81,1086.0,2026-04-28T19:39:28.606042
POI-000016-03,PO-000016,MAT-0015,168,,9.12,1532.16,2026-04-28T19:39:28.606047
POI-000017-01,PO-000017,MAT-0014,52,,2.02,105.04,2026-04-28T19:39:28.606114
POI-000018-01,PO-000018,MAT-0015,204,106,10.07,2054.28,2026-04-28T19:39:28.606184
POI-000018-02,PO-000018,MAT-0005,631,425,0.99,624.69,2026-04-28T19:39:28.606191
POI-000019-01,PO-000019,MAT-0008,612,601,0.23,140.76,2026-04-28T19:39:28.606262
POI-000019-02,PO-000019,MAT-0001,254,229,8.95,2273.3,2026-04-28T19:39:28.606269
POI-000019-03,PO-000019,MAT-0016,505,452,22.92,11574.6,2026-04-28T19:39:28.606275
POI-000019-04,PO-000019,MAT-0012,871,780,0.41,357.11,2026-04-28T19:39:28.606280
POI-000020-01,PO-000020,MAT-0006,641,368,4.95,3172.95,2026-04-28T19:39:28.606351
POI-000020-02,PO-000020,MAT-0003,66,31,2.1,138.6,2026-04-28T19:39:28.606358
POI-000020-03,PO-000020,MAT-0004,381,241,7.38,2811.78,2026-04-28T19:39:28.606363
POI-000021-01,PO-000021,MAT-0016,627,571,18.83,11806.41,2026-04-28T19:39:28.606435
POI-000021-02,PO-000021,MAT-0003,175,171,2.2,385.0,2026-04-28T19:39:28.606441
POI-000021-03,PO-000021,MAT-0027,995,981,3.64,3621.8,2026-04-28T19:39:28.606447
POI-000021-04,PO-000021,MAT-0030,334,331,3.74,1249.16,2026-04-28T19:39:28.606452
POI-000021-05,PO-000021,MAT-0009,755,702,0.72,543.6,2026-04-28T19:39:28.606458
POI-000022-01,PO-000022,MAT-0010,512,493,3.6,1843.2,2026-04-28T19:39:28.606529
POI-000022-02,PO-000022,MAT-0023,585,569,1.1,643.5,2026-04-28T19:39:28.606535
POI-000022-03,PO-000022,MAT-0004,79,69,7.41,585.39,2026-04-28T19:39:28.606540
POI-000022-04,PO-000022,MAT-0016,823,814,18.55,15266.65,2026-04-28T19:39:28.606546
POI-000022-05,PO-000022,MAT-0028,199,175,7.78,1548.22,2026-04-28T19:39:28.606552
POI-000023-01,PO-000023,MAT-0021,537,,11.26,6046.62,2026-04-28T19:39:28.606621
POI-000023-02,PO-000023,MAT-0012,89,,0.41,36.49,2026-04-28T19:39:28.606627
POI-000023-03,PO-000023,MAT-0011,932,,1.03,959.96,2026-04-28T19:39:28.606632
POI-000023-04,PO-000023,MAT-0001,120,,8.95,1074.0,2026-04-28T19:39:28.606636
POI-000023-05,PO-000023,MAT-0013,373,,5.38,2006.74,2026-04-28T19:39:28.606642
POI-000024-01,PO-000024,MAT-0020,340,,1.26,428.4,2026-04-28T19:39:28.606740
POI-000025-01,PO-000025,MAT-0025,272,,0.96,261.12,2026-04-28T19:39:28.606830
POI-000025-02,PO-000025,MAT-0028,880,,9.26,8148.8,2026-04-28T19:39:28.606836
POI-000026-01,PO-000026,MAT-0026,718,,16.95,12170.1,2026-04-28T19:39:28.606909
POI-000026-02,PO-000026,MAT-0016,923,,18.55,17121.65,2026-04-28T19:39:28.606915
POI-000027-01,PO-000027,MAT-0007,558,,4.7,2622.6,2026-04-28T19:39:28.607020
POI-000027-02,PO-000027,MAT-0027,74,,3.58,264.92,2026-04-28T19:39:28.607026
POI-000027-03,PO-000027,MAT-0014,862,,2.02,1741.24,2026-04-28T19:39:28.607031
POI-000027-04,PO-000027,MAT-0019,653,,5.79,3780.87,2026-04-28T19:39:28.607036
POI-000027-05,PO-000027,MAT-0002,577,,2.27,1309.79,2026-04-28T19:39:28.607041
POI-000028-01,PO-000028,MAT-0025,112,,0.96,107.52,2026-04-28T19:39:28.607110
POI-000029-01,PO-000029,MAT-0017,388,376,18.41,7143.08,2026-04-28T19:39:28.607183
POI-000029-02,PO-000029,MAT-0020,364,335,1.28,465.92,2026-04-28T19:39:28.607189
POI-000029-03,PO-000029,MAT-0018,858,843,2.61,2239.38,2026-04-28T19:39:28.607195
POI-000029-04,PO-000029,MAT-0028,612,548,9.26,5667.12,2026-04-28T19:39:28.607200
POI-000030-01,PO-000030,MAT-0027,336,316,3.64,1223.04,2026-04-28T19:39:28.607271
POI-000030-02,PO-000030,MAT-0018,746,719,2.91,2170.86,2026-04-28T19:39:28.607277
POI-000030-03,PO-000030,MAT-0003,356,331,2.2,783.2,2026-04-28T19:39:28.607282
POI-000030-04,PO-000030,MAT-0029,499,454,3.6,1796.4,2026-04-28T19:39:28.607288
POI-000030-05,PO-000030,MAT-0016,951,854,18.83,17907.33,2026-04-28T19:39:28.607293
POI-000031-01,PO-000031,MAT-0020,360,,1.28,460.8,2026-04-28T19:39:28.607361
POI-000031-02,PO-000031,MAT-0018,467,,2.61,1218.87,2026-04-28T19:39:28.607366
POI-000031-03,PO-000031,MAT-0028,335,,9.26,3102.1,2026-04-28T19:39:28.607371
POI-000031-04,PO-000031,MAT-0017,522,,18.41,9610.02,2026-04-28T19:39:28.607376
POI-000032-01,PO-000032,MAT-0011,884,,0.88,777.92,2026-04-28T19:39:28.607444
POI-000032-02,PO-000032,MAT-0008,887,,0.17,150.79,2026-04-28T19:39:28.607449
POI-000033-01,PO-000033,MAT-0014,403,355,1.81,729.43,2026-04-28T19:39:28.607520
POI-000033-02,PO-000033,MAT-0023,121,112,0.97,117.37,2026-04-28T19:39:28.607527
POI-000033-03,PO-000033,MAT-0015,88,85,9.12,802.56,2026-04-28T19:39:28.607534
POI-000034-01,PO-000034,MAT-0010,757,703,3.6,2725.2,2026-04-28T19:39:28.607602
POI-000035-01,PO-000035,MAT-0029,675,423,3.6,2430.0,2026-04-28T19:39:28.607671
POI-000036-01,PO-000036,MAT-0004,624,,7.31,4561.44,2026-04-28T19:39:28.607737
POI-000036-02,PO-000036,MAT-0011,327,,1.03,336.81,2026-04-28T19:39:28.607743
POI-000037-01,PO-000037,MAT-0003,249,,2.2,547.8,2026-04-28T19:39:28.607807
POI-000037-02,PO-000037,MAT-0016,121,,18.83,2278.43,2026-04-28T19:39:28.607813
POI-000038-01,PO-000038,MAT-0007,649,,4.7,3050.3,2026-04-28T19:39:28.607880
POI-000038-02,PO-000038,MAT-0014,415,,2.02,838.3,2026-04-28T19:39:28.607886
POI-000038-03,PO-000038,MAT-0027,814,,3.58,2914.12,2026-04-28T19:39:28.607891
POI-000038-04,PO-000038,MAT-0028,974,,7.86,7655.64,2026-04-28T19:39:28.607896
POI-000038-05,PO-000038,MAT-0002,354,,2.27,803.58,2026-04-28T19:39:28.607901
POI-000039-01,PO-000039,MAT-0006,812,726,4.95,4019.4,2026-04-28T19:39:28.607970
POI-000039-02,PO-000039,MAT-0004,997,936,7.38,7357.86,2026-04-28T19:39:28.607976
POI-000039-03,PO-000039,MAT-0019,835,762,6.73,5619.55,2026-04-28T19:39:28.607982
POI-000039-04,PO-000039,MAT-0018,827,773,2.76,2282.52,2026-04-28T19:39:28.607988
POI-000040-01,PO-000040,MAT-0028,87,,7.78,676.86,2026-04-28T19:39:28.608054
POI-000041-01,PO-000041,MAT-0005,195,,0.92,179.4,2026-04-28T19:39:28.608119
POI-000042-01,PO-000042,MAT-0006,640,611,4.95,3168.0,2026-04-28T19:39:28.608193
POI-000042-02,PO-000042,MAT-0018,733,683,2.76,2023.08,2026-04-28T19:39:28.608199
POI-000042-03,PO-000042,MAT-0003,538,486,2.1,1129.8,2026-04-28T19:39:28.608205
POI-000043-01,PO-000043,MAT-0008,335,,0.23,77.05,2026-04-28T19:39:28.608272
POI-000043-02,PO-000043,MAT-0001,75,,8.95,671.25,2026-04-28T19:39:28.608277
POI-000043-03,PO-000043,MAT-0016,524,,22.92,12010.08,2026-04-28T19:39:28.608282
POI-000044-01,PO-000044,MAT-0020,891,,1.26,1122.66,2026-04-28T19:39:28.608347
POI-000045-01,PO-000045,MAT-0002,919,,2.27,2086.13,2026-04-28T19:39:28.608413
POI-000045-02,PO-000045,MAT-0007,627,,4.7,2946.9,2026-04-28T19:39:28.608419
POI-000045-03,PO-000045,MAT-0019,348,,5.79,2014.92,2026-04-28T19:39:28.608423
POI-000045-04,PO-000045,MAT-0027,227,,3.58,812.66,2026-04-28T19:39:28.608428
POI-000046-01,PO-000046,MAT-0014,108,,1.65,178.2,2026-04-28T19:39:28.608495
POI-000046-02,PO-000046,MAT-0030,476,,3.74,1780.24,2026-04-28T19:39:28.608500
POI-000046-03,PO-000046,MAT-0016,733,,18.83,13802.39,2026-04-28T19:39:28.608505
POI-000047-01,PO-000047,MAT-0014,505,,2.02,1020.1,2026-04-28T19:39:28.608570
POI-000047-02,PO-000047,MAT-0027,867,,3.58,3103.86,2026-04-28T19:39:28.608576
POI-000048-01,PO-000048,MAT-0008,920,529,0.17,156.4,2026-04-28T19:39:28.608644
POI-000049-01,PO-000049,MAT-0012,277,264,0.41,113.57,2026-04-28T19:39:28.608714
POI-000050-01,PO-000050,MAT-0016,131,128,22.92,3002.52,2026-04-28T19:39:28.608783
POI-000050-02,PO-000050,MAT-0004,93,91,7.31,679.83,2026-04-28T19:39:28.608789
POI-000050-03,PO-000050,MAT-0012,192,185,0.41,78.72,2026-04-28T19:39:28.608795
POI-000050-04,PO-000050,MAT-0011,95,87,1.03,97.85,2026-04-28T19:39:28.608801
POI-000051-01,PO-000051,MAT-0025,373,368,0.96,358.08,2026-04-28T19:39:28.608870
POI-000051-02,PO-000051,MAT-0021,521,480,12.79,6663.59,2026-04-28T19:39:28.608876
POI-000051-03,PO-000051,MAT-0020,337,311,1.28,431.36,2026-04-28T19:39:28.608881
POI-000051-04,PO-000051,MAT-0028,482,452,9.26,4463.32,2026-04-28T19:39:28.608887
POI-000051-05,PO-000051,MAT-0018,456,452,2.61,1190.16,2026-04-28T19:39:28.608892
POI-000052-01,PO-000052,MAT-0027,452,,3.58,1618.16,2026-04-28T19:39:28.608960
POI-000052-02,PO-000052,MAT-0019,988,,5.79,5720.52,2026-04-28T19:39:28.608965
POI-000052-03,PO-000052,MAT-0002,648,,2.27,1470.96,2026-04-28T19:39:28.608970
POI-000053-01,PO-000053,MAT-0012,195,175,0.41,79.95,2026-04-28T19:39:28.609040
POI-000053-02,PO-000053,MAT-0016,483,482,22.92,11070.36,2026-04-28T19:39:28.609046
POI-000054-01,PO-000054,MAT-0027,172,157,3.58,615.76,2026-04-28T19:39:28.609115
POI-000054-02,PO-000054,MAT-0014,147,129,2.02,296.94,2026-04-28T19:39:28.609121
POI-000054-03,PO-000054,MAT-0007,340,322,4.7,1598.0,2026-04-28T19:39:28.609126
POI-000055-01,PO-000055,MAT-0025,482,445,0.96,462.72,2026-04-28T19:39:28.609195
POI-000055-02,PO-000055,MAT-0017,831,760,18.41,15298.71,2026-04-28T19:39:28.609201
POI-000055-03,PO-000055,MAT-0018,645,572,2.61,1683.45,2026-04-28T19:39:28.609207
POI-000056-01,PO-000056,MAT-0008,411,,0.17,69.87,2026-04-28T19:39:28.609273
POI-000056-02,PO-000056,MAT-0015,259,,10.07,2608.13,2026-04-28T19:39:28.609279
POI-000057-01,PO-000057,MAT-0008,519,,0.17,88.23,2026-04-28T19:39:28.609344
POI-000058-01,PO-000058,MAT-0023,100,93,0.97,97.0,2026-04-28T19:39:28.609412
POI-000059-01,PO-000059,MAT-0006,264,261,4.95,1306.8,2026-04-28T19:39:28.609481
POI-000059-02,PO-000059,MAT-0019,331,292,6.73,2227.63,2026-04-28T19:39:28.609487
POI-000059-03,PO-000059,MAT-0003,792,763,2.1,1663.2,2026-04-28T19:39:28.609493
POI-000060-01,PO-000060,MAT-0027,743,,3.58,2659.94,2026-04-28T19:39:28.609558
POI-000061-01,PO-000061,MAT-0014,861,835,1.81,1558.41,2026-04-28T19:39:28.609626
POI-000061-02,PO-000061,MAT-0023,906,807,0.97,878.82,2026-04-28T19:39:28.609632
POI-000062-01,PO-000062,MAT-0005,163,151,1.09,177.67,2026-04-28T19:39:28.609702
POI-000062-02,PO-000062,MAT-0027,396,363,4.22,1671.12,2026-04-28T19:39:28.609709
POI-000062-03,PO-000062,MAT-0022,870,788,8.7,7569.0,2026-04-28T19:39:28.609714
POI-000063-01,PO-000063,MAT-0003,711,,2.1,1493.1,2026-04-28T19:39:28.609778
POI-000064-01,PO-000064,MAT-0003,304,,2.2,668.8,2026-04-28T19:39:28.609844
POI-000064-02,PO-000064,MAT-0027,204,,3.64,742.56,2026-04-28T19:39:28.609850
POI-000065-01,PO-000065,MAT-0016,947,865,22.92,21705.24,2026-04-28T19:39:28.609919
POI-000065-02,PO-000065,MAT-0001,896,863,8.95,8019.2,2026-04-28T19:39:28.609925
POI-000066-01,PO-000066,MAT-0005,396,,0.99,392.04,2026-04-28T19:39:28.609990
POI-000066-02,PO-000066,MAT-0015,125,,10.07,1258.75,2026-04-28T19:39:28.609996
POI-000066-03,PO-000066,MAT-0008,369,,0.17,62.73,2026-04-28T19:39:28.610001
POI-000067-01,PO-000067,MAT-0015,969,,9.12,8837.28,2026-04-28T19:39:28.610065
POI-000068-01,PO-000068,MAT-0005,171,,0.92,157.32,2026-04-28T19:39:28.610130
POI-000069-01,PO-000069,MAT-0009,263,248,0.72,189.36,2026-04-28T19:39:28.610200
POI-000069-02,PO-000069,MAT-0014,832,820,1.65,1372.8,2026-04-28T19:39:28.610206
POI-000070-01,PO-000070,MAT-0010,999,,3.34,3336.66,2026-04-28T19:39:28.610327
POI-000070-02,PO-000070,MAT-0027,522,,4.22,2202.84,2026-04-28T19:39:28.610340
POI-000070-03,PO-000070,MAT-0022,279,,8.7,2427.3,2026-04-28T19:39:28.610346
POI-000071-01,PO-000071,MAT-0006,872,857,4.61,4019.92,2026-04-28T19:39:28.610424
POI-000072-01,PO-000072,MAT-0008,438,,0.17,74.46,2026-04-28T19:39:28.610798
POI-000072-02,PO-000072,MAT-0011,763,,0.88,671.44,2026-04-28T19:39:28.610806
POI-000073-01,PO-000073,MAT-0005,232,,0.92,213.44,2026-04-28T19:39:28.610896
POI-000074-01,PO-000074,MAT-0002,128,125,2.14,273.92,2026-04-28T19:39:28.610974
POI-000074-02,PO-000074,MAT-0011,348,323,0.88,306.24,2026-04-28T19:39:28.610980
POI-000074-03,PO-000074,MAT-0023,165,158,1.1,181.5,2026-04-28T19:39:28.610986
POI-000075-01,PO-000075,MAT-0019,275,262,6.73,1850.75,2026-04-28T19:39:28.611060
POI-000075-02,PO-000075,MAT-0006,485,479,4.95,2400.75,2026-04-28T19:39:28.611066
POI-000075-03,PO-000075,MAT-0004,78,73,7.38,575.64,2026-04-28T19:39:28.611072
POI-000075-04,PO-000075,MAT-0018,578,516,2.76,1595.28,2026-04-28T19:39:28.611077
POI-000075-05,PO-000075,MAT-0003,256,251,2.1,537.6,2026-04-28T19:39:28.611083
POI-000076-01,PO-000076,MAT-0021,331,293,12.79,4233.49,2026-04-28T19:39:28.611154
POI-000076-02,PO-000076,MAT-0025,503,463,0.96,482.88,2026-04-28T19:39:28.611161
POI-000077-01,PO-000077,MAT-0023,426,,0.97,413.22,2026-04-28T19:39:28.611231
POI-000077-02,PO-000077,MAT-0015,598,,9.12,5453.76,2026-04-28T19:39:28.611236
POI-000077-03,PO-000077,MAT-0014,195,,1.81,352.95,2026-04-28T19:39:28.611242
POI-000078-01,PO-000078,MAT-0027,621,602,4.22,2620.62,2026-04-28T19:39:28.611313
POI-000078-02,PO-000078,MAT-0022,980,969,8.7,8526.0,2026-04-28T19:39:28.611319
POI-000079-01,PO-000079,MAT-0005,835,,0.92,768.2,2026-04-28T19:39:28.611386
POI-000080-01,PO-000080,MAT-0014,92,,1.81,166.52,2026-04-28T19:39:28.611453
POI-000080-02,PO-000080,MAT-0015,769,,9.12,7013.28,2026-04-28T19:39:28.611458
POI-000080-03,PO-000080,MAT-0023,805,,0.97,780.85,2026-04-28T19:39:28.611463
POI-000081-01,PO-000081,MAT-0015,749,,10.07,7542.43,2026-04-28T19:39:28.611530
POI-000081-02,PO-000081,MAT-0008,738,,0.17,125.46,2026-04-28T19:39:28.611535
POI-000082-01,PO-000082,MAT-0015,248,221,9.12,2261.76,2026-04-28T19:39:28.611607
POI-000082-02,PO-000082,MAT-0023,994,900,0.97,964.18,2026-04-28T19:39:28.611613
POI-000082-03,PO-000082,MAT-0014,666,645,1.81,1205.46,2026-04-28T19:39:28.611618
POI-000083-01,PO-000083,MAT-0011,519,,1.03,534.57,2026-04-28T19:39:28.611688
POI-000083-02,PO-000083,MAT-0004,392,,7.31,2865.52,2026-04-28T19:39:28.611694
POI-000083-03,PO-000083,MAT-0012,365,,0.41,149.65,2026-04-28T19:39:28.611701
POI-000083-04,PO-000083,MAT-0013,551,,5.38,2964.38,2026-04-28T19:39:28.611706
POI-000084-01,PO-000084,MAT-0003,251,,2.1,527.1,2026-04-28T19:39:28.611843
POI-000084-02,PO-000084,MAT-0006,918,,4.95,4544.1,2026-04-28T19:39:28.611850
POI-000085-01,PO-000085,MAT-0012,982,957,0.41,402.62,2026-04-28T19:39:28.612003
POI-000085-02,PO-000085,MAT-0004,958,901,7.31,7002.98,2026-04-28T19:39:28.612012
POI-000085-03,PO-000085,MAT-0011,836,770,1.03,861.08,2026-04-28T19:39:28.612046
POI-000085-04,PO-000085,MAT-0016,476,439,22.92,10909.92,2026-04-28T19:39:28.612057
POI-000085-05,PO-000085,MAT-0021,689,669,11.26,7758.14,2026-04-28T19:39:28.612064
POI-000086-01,PO-000086,MAT-0005,618,,0.92,568.56,2026-04-28T19:39:28.612193
POI-000087-01,PO-000087,MAT-0020,525,,1.26,661.5,2026-04-28T19:39:28.612275
POI-000088-01,PO-000088,MAT-0004,295,152,7.38,2177.1,2026-04-28T19:39:28.612350
POI-000089-01,PO-000089,MAT-0023,287,,0.97,278.39,2026-04-28T19:39:28.612421
POI-000089-02,PO-000089,MAT-0015,961,,9.12,8764.32,2026-04-28T19:39:28.612427
POI-000089-03,PO-000089,MAT-0014,382,,1.81,691.42,2026-04-28T19:39:28.612432
POI-000090-01,PO-000090,MAT-0004,868,414,7.38,6405.84,2026-04-28T19:39:28.612504
POI-000090-02,PO-000090,MAT-0019,898,615,6.73,6043.54,2026-04-28T19:39:28.612510
POI-000090-03,PO-000090,MAT-0006,866,534,4.95,4286.7,2026-04-28T19:39:28.612515
POI-000091-01,PO-000091,MAT-0019,285,175,6.73,1918.05,2026-04-28T19:39:28.612595
POI-000091-02,PO-000091,MAT-0004,663,297,7.38,4892.94,2026-04-28T19:39:28.612601
POI-000092-01,PO-000092,MAT-0014,479,,2.02,967.58,2026-04-28T19:39:28.612672
POI-000092-02,PO-000092,MAT-0028,783,,7.86,6154.38,2026-04-28T19:39:28.612678
POI-000092-03,PO-000092,MAT-0027,746,,3.58,2670.68,2026-04-28T19:39:28.612683
POI-000092-04,PO-000092,MAT-0019,776,,5.79,4493.04,2026-04-28T19:39:28.612688
POI-000093-01,PO-000093,MAT-0019,536,510,6.73,3607.28,2026-04-28T19:39:28.612760
POI-000093-02,PO-000093,MAT-0018,661,651,2.76,1824.36,2026-04-28T19:39:28.612767
POI-000093-03,PO-000093,MAT-0004,998,940,7.38,7365.24,2026-04-28T19:39:28.612773
POI-000093-04,PO-000093,MAT-0003,889,849,2.1,1866.9,2026-04-28T19:39:28.612778
POI-000094-01,PO-000094,MAT-0015,557,247,10.07,5608.99,2026-04-28T19:39:28.612855
POI-000094-02,PO-000094,MAT-0005,800,523,0.99,792.0,2026-04-28T19:39:28.612861
POI-000094-03,PO-000094,MAT-0008,668,286,0.17,113.56,2026-04-28T19:39:28.612867
POI-000095-01,PO-000095,MAT-0020,458,,1.26,577.08,2026-04-28T19:39:28.612971
POI-000096-01,PO-000096,MAT-0019,172,162,5.79,995.88,2026-04-28T19:39:28.613079
POI-000096-02,PO-000096,MAT-0002,340,334,2.27,771.8,2026-04-28T19:39:28.613086
POI-000097-01,PO-000097,MAT-0003,750,,2.1,1575.0,2026-04-28T19:39:28.613163
POI-000097-02,PO-000097,MAT-0004,655,,7.38,4833.9,2026-04-28T19:39:28.613169
POI-000097-03,PO-000097,MAT-0019,854,,6.73,5747.42,2026-04-28T19:39:28.613174
POI-000097-04,PO-000097,MAT-0006,436,,4.95,2158.2,2026-04-28T19:39:28.613179
POI-000098-01,PO-000098,MAT-0021,749,,11.31,8471.19,2026-04-28T19:39:28.613251
POI-000098-02,PO-000098,MAT-0023,728,,1.1,800.8,2026-04-28T19:39:28.613256
POI-000098-03,PO-000098,MAT-0006,578,,4.61,2664.58,2026-04-28T19:39:28.613261
POI-000099-01,PO-000099,MAT-0027,875,823,3.58,3132.5,2026-04-28T19:39:28.613339
POI-000100-01,PO-000100,MAT-0003,215,192,2.1,451.5,2026-04-28T19:39:28.613410
POI-000100-02,PO-000100,MAT-0004,896,860,7.38,6612.48,2026-04-28T19:39:28.613416
POI-000100-03,PO-000100,MAT-0006,538,531,4.95,2663.1,2026-04-28T19:39:28.613462
POI-000100-04,PO-000100,MAT-0018,819,810,2.76,2260.44,2026-04-28T19:39:28.613485
POI-000100-05,PO-000100,MAT-0019,983,901,6.73,6615.59,2026-04-28T19:39:28.613493
POI-000101-01,PO-000101,MAT-0027,852,829,3.64,3101.28,2026-04-28T19:39:28.613603
POI-000101-02,PO-000101,MAT-0003,74,67,2.2,162.8,2026-04-28T19:39:28.613610
POI-000101-03,PO-000101,MAT-0018,93,89,2.91,270.63,2026-04-28T19:39:28.613616
POI-000101-04,PO-000101,MAT-0009,247,242,0.72,177.84,2026-04-28T19:39:28.613621
POI-000102-01,PO-000102,MAT-0011,854,,0.88,751.52,2026-04-28T19:39:28.613699
POI-000103-01,PO-000103,MAT-0014,927,,1.81,1677.87,2026-04-28T19:39:28.613770
POI-000103-02,PO-000103,MAT-0023,426,,0.97,413.22,2026-04-28T19:39:28.613776
POI-000104-01,PO-000104,MAT-0023,134,,0.97,129.98,2026-04-28T19:39:28.613846
POI-000104-02,PO-000104,MAT-0015,687,,9.12,6265.44,2026-04-28T19:39:28.613852
POI-000104-03,PO-000104,MAT-0014,862,,1.81,1560.22,2026-04-28T19:39:28.613857
POI-000105-01,PO-000105,MAT-0020,320,131,1.26,403.2,2026-04-28T19:39:28.613937
POI-000106-01,PO-000106,MAT-0010,114,,3.34,380.76,2026-04-28T19:39:28.614005
POI-000106-02,PO-000106,MAT-0027,859,,4.22,3624.98,2026-04-28T19:39:28.614011
POI-000107-01,PO-000107,MAT-0015,676,630,10.07,6807.32,2026-04-28T19:39:28.614081
POI-000107-02,PO-000107,MAT-0005,855,755,0.99,846.45,2026-04-28T19:39:28.614088
POI-000108-01,PO-000108,MAT-0010,211,206,3.34,704.74,2026-04-28T19:39:28.614158
POI-000108-02,PO-000108,MAT-0029,379,346,3.95,1497.05,2026-04-28T19:39:28.614164
POI-000108-03,PO-000108,MAT-0006,564,545,3.99,2250.36,2026-04-28T19:39:28.614170
POI-000109-01,PO-000109,MAT-0029,294,,3.6,1058.4,2026-04-28T19:39:28.614238
POI-000109-02,PO-000109,MAT-0016,304,,18.83,5724.32,2026-04-28T19:39:28.614244
POI-000110-01,PO-000110,MAT-0020,814,737,1.26,1025.64,2026-04-28T19:39:28.614313
POI-000111-01,PO-000111,MAT-0021,137,,12.79,1752.23,2026-04-28T19:39:28.614379
POI-000112-01,PO-000112,MAT-0005,714,699,0.99,706.86,2026-04-28T19:39:28.614448
POI-000112-02,PO-000112,MAT-0015,452,444,10.07,4551.64,2026-04-28T19:39:28.614454
POI-000112-03,PO-000112,MAT-0008,179,159,0.17,30.43,2026-04-28T19:39:28.614460
POI-000113-01,PO-000113,MAT-0029,886,506,3.95,3499.7,2026-04-28T19:39:28.614531
POI-000113-02,PO-000113,MAT-0022,292,182,8.7,2540.4,2026-04-28T19:39:28.614538
POI-000113-03,PO-000113,MAT-0006,267,145,3.99,1065.33,2026-04-28T19:39:28.614543
POI-000113-04,PO-000113,MAT-0027,299,219,4.22,1261.78,2026-04-28T19:39:28.614548
POI-000113-05,PO-000113,MAT-0010,578,317,3.34,1930.52,2026-04-28T19:39:28.614554
POI-000114-01,PO-000114,MAT-0021,391,,11.26,4402.66,2026-04-28T19:39:28.614622
POI-000114-02,PO-000114,MAT-0016,564,,22.92,12926.88,2026-04-28T19:39:28.614628
POI-000114-03,PO-000114,MAT-0001,314,,8.95,2810.3,2026-04-28T19:39:28.614633
POI-000114-04,PO-000114,MAT-0011,979,,1.03,1008.37,2026-04-28T19:39:28.614637
POI-000115-01,PO-000115,MAT-0019,240,225,6.73,1615.2,2026-04-28T19:39:28.614708
POI-000115-02,PO-000115,MAT-0018,704,659,2.76,1943.04,2026-04-28T19:39:28.614714
POI-000115-03,PO-000115,MAT-0004,801,716,7.38,5911.38,2026-04-28T19:39:28.614719
POI-000115-04,PO-000115,MAT-0006,210,196,4.95,1039.5,2026-04-28T19:39:28.614725
POI-000115-05,PO-000115,MAT-0003,957,890,2.1,2009.7,2026-04-28T19:39:28.614731
POI-000116-01,PO-000116,MAT-0006,936,886,4.95,4633.2,2026-04-28T19:39:28.614799
POI-000117-01,PO-000117,MAT-0014,140,,1.81,253.4,2026-04-28T19:39:28.614866
POI-000117-02,PO-000117,MAT-0023,538,,0.97,521.86,2026-04-28T19:39:28.614871
POI-000117-03,PO-000117,MAT-0015,138,,9.12,1258.56,2026-04-28T19:39:28.614876
POI-000118-01,PO-000118,MAT-0005,100,93,0.99,99.0,2026-04-28T19:39:28.614946
POI-000118-02,PO-000118,MAT-0015,726,725,10.07,7310.82,2026-04-28T19:39:28.614952
POI-000118-03,PO-000118,MAT-0008,101,98,0.17,17.17,2026-04-28T19:39:28.614958
POI-000119-01,PO-000119,MAT-0013,869,,5.38,4675.22,2026-04-28T19:39:28.615024
POI-000119-02,PO-000119,MAT-0004,344,,7.31,2514.64,2026-04-28T19:39:28.615029
POI-000120-01,PO-000120,MAT-0005,690,,0.92,634.8,2026-04-28T19:39:28.615094
POI-000121-01,PO-000121,MAT-0006,499,,3.99,1991.01,2026-04-28T19:39:28.615158
POI-000122-01,PO-000122,MAT-0015,615,,9.12,5608.8,2026-04-28T19:39:28.615222
POI-000123-01,PO-000123,MAT-0021,717,,11.31,8109.27,2026-04-28T19:39:28.615286
POI-000124-01,PO-000124,MAT-0021,702,670,12.79,8978.58,2026-04-28T19:39:28.615353
POI-000125-01,PO-000125,MAT-0020,956,,1.26,1204.56,2026-04-28T19:39:28.615417
POI-000126-01,PO-000126,MAT-0025,853,758,0.96,818.88,2026-04-28T19:39:28.615486
POI-000126-02,PO-000126,MAT-0021,809,795,12.79,10347.11,2026-04-28T19:39:28.615493
POI-000126-03,PO-000126,MAT-0017,549,539,18.41,10107.09,2026-04-28T19:39:28.615498
POI-000126-04,PO-000126,MAT-0020,835,773,1.28,1068.8,2026-04-28T19:39:28.615504
POI-000126-05,PO-000126,MAT-0018,877,820,2.61,2288.97,2026-04-28T19:39:28.615509
POI-000127-01,PO-000127,MAT-0020,104,,1.26,131.04,2026-04-28T19:39:28.615576
POI-000128-01,PO-000128,MAT-0005,140,,1.09,152.6,2026-04-28T19:39:28.615643
POI-000128-02,PO-000128,MAT-0010,603,,3.34,2014.02,2026-04-28T19:39:28.615648
POI-000128-03,PO-000128,MAT-0029,284,,3.95,1121.8,2026-04-28T19:39:28.615654
POI-000129-01,PO-000129,MAT-0023,685,604,1.1,753.5,2026-04-28T19:39:28.615728
POI-000129-02,PO-000129,MAT-0004,256,253,7.41,1896.96,2026-04-28T19:39:28.615735
POI-000129-03,PO-000129,MAT-0016,628,619,18.55,11649.4,2026-04-28T19:39:28.615741
POI-000130-01,PO-000130,MAT-0018,161,148,2.61,420.21,2026-04-28T19:39:28.615813
POI-000130-02,PO-000130,MAT-0028,735,678,9.26,6806.1,2026-04-28T19:39:28.615820
POI-000130-03,PO-000130,MAT-0020,208,190,1.28,266.24,2026-04-28T19:39:28.615825
POI-000130-04,PO-000130,MAT-0025,776,690,0.96,744.96,2026-04-28T19:39:28.615831
POI-000131-01,PO-000131,MAT-0017,944,923,18.41,17379.04,2026-04-28T19:39:28.615911
POI-000131-02,PO-000131,MAT-0018,428,404,2.61,1117.08,2026-04-28T19:39:28.615917
POI-000131-03,PO-000131,MAT-0021,274,251,12.79,3504.46,2026-04-28T19:39:28.615922
POI-000131-04,PO-000131,MAT-0020,701,631,1.28,897.28,2026-04-28T19:39:28.615928
POI-000131-05,PO-000131,MAT-0028,295,278,9.26,2731.7,2026-04-28T19:39:28.615933
POI-000132-01,PO-000132,MAT-0016,998,542,22.92,22874.16,2026-04-28T19:39:28.616006
POI-000132-02,PO-000132,MAT-0001,978,731,8.95,8753.1,2026-04-28T19:39:28.616012
POI-000132-03,PO-000132,MAT-0013,324,166,5.38,1743.12,2026-04-28T19:39:28.616017
POI-000133-01,PO-000133,MAT-0005,949,844,0.92,873.08,2026-04-28T19:39:28.616086
POI-000134-01,PO-000134,MAT-0027,697,,4.22,2941.34,2026-04-28T19:39:28.616165
POI-000134-02,PO-000134,MAT-0005,299,,1.09,325.91,2026-04-28T19:39:28.616171
POI-000134-03,PO-000134,MAT-0006,658,,3.99,2625.42,2026-04-28T19:39:28.616176
POI-000135-01,PO-000135,MAT-0011,386,360,1.03,397.58,2026-04-28T19:39:28.616251
POI-000135-02,PO-000135,MAT-0001,900,846,8.95,8055.0,2026-04-28T19:39:28.616257
POI-000135-03,PO-000135,MAT-0021,306,291,11.26,3445.56,2026-04-28T19:39:28.616262
POI-000135-04,PO-000135,MAT-0012,786,697,0.41,322.26,2026-04-28T19:39:28.616267
POI-000135-05,PO-000135,MAT-0008,874,786,0.23,201.02,2026-04-28T19:39:28.616273
POI-000136-01,PO-000136,MAT-0017,992,,18.41,18262.72,2026-04-28T19:39:28.616341
POI-000136-02,PO-000136,MAT-0020,753,,1.28,963.84,2026-04-28T19:39:28.616346
POI-000136-03,PO-000136,MAT-0021,82,,12.79,1048.78,2026-04-28T19:39:28.616351
POI-000136-04,PO-000136,MAT-0018,719,,2.61,1876.59,2026-04-28T19:39:28.616356
POI-000137-01,PO-000137,MAT-0020,909,,1.26,1145.34,2026-04-28T19:39:28.616424
POI-000138-01,PO-000138,MAT-0011,905,,0.88,796.4,2026-04-28T19:39:28.616490
POI-000138-02,PO-000138,MAT-0023,680,,1.1,748.0,2026-04-28T19:39:28.616495
POI-000139-01,PO-000139,MAT-0021,778,,11.31,8799.18,2026-04-28T19:39:28.616583
POI-000140-01,PO-000140,MAT-0015,163,,10.07,1641.41,2026-04-28T19:39:28.616650
POI-000140-02,PO-000140,MAT-0005,95,,0.99,94.05,2026-04-28T19:39:28.616659
POI-000140-03,PO-000140,MAT-0008,341,,0.17,57.97,2026-04-28T19:39:28.616664
POI-000141-01,PO-000141,MAT-0018,311,,2.91,905.01,2026-04-28T19:39:28.616736
POI-000141-02,PO-000141,MAT-0027,373,,3.64,1357.72,2026-04-28T19:39:28.616741
POI-000141-03,PO-000141,MAT-0014,927,,1.65,1529.55,2026-04-28T19:39:28.616747
POI-000142-01,PO-000142,MAT-0021,115,,12.79,1470.85,2026-04-28T19:39:28.616814
POI-000142-02,PO-000142,MAT-0018,626,,2.61,1633.86,2026-04-28T19:39:28.616819
POI-000142-03,PO-000142,MAT-0017,746,,18.41,13733.86,2026-04-28T19:39:28.616824
POI-000142-04,PO-000142,MAT-0020,854,,1.28,1093.12,2026-04-28T19:39:28.616829
POI-000143-01,PO-000143,MAT-0027,329,,4.22,1388.38,2026-04-28T19:39:28.616895
POI-000144-01,PO-000144,MAT-0027,466,,4.22,1966.52,2026-04-28T19:39:28.616964
POI-000144-02,PO-000144,MAT-0006,399,,3.99,1592.01,2026-04-28T19:39:28.616970
POI-000144-03,PO-000144,MAT-0005,415,,1.09,452.35,2026-04-28T19:39:28.616977
POI-000145-01,PO-000145,MAT-0002,57,53,2.14,121.98,2026-04-28T19:39:28.617046
POI-000146-01,PO-000146,MAT-0023,295,,0.97,286.15,2026-04-28T19:39:28.617113
POI-000146-02,PO-000146,MAT-0014,518,,1.81,937.58,2026-04-28T19:39:28.617118
POI-000146-03,PO-000146,MAT-0015,968,,9.12,8828.16,2026-04-28T19:39:28.617124
POI-000147-01,PO-000147,MAT-0027,489,,3.64,1779.96,2026-04-28T19:39:28.617191
POI-000147-02,PO-000147,MAT-0014,857,,1.65,1414.05,2026-04-28T19:39:28.617196
POI-000148-01,PO-000148,MAT-0005,599,567,0.99,593.01,2026-04-28T19:39:28.617266
POI-000148-02,PO-000148,MAT-0008,789,698,0.17,134.13,2026-04-28T19:39:28.617272
POI-000148-03,PO-000148,MAT-0015,554,500,10.07,5578.78,2026-04-28T19:39:28.617281
POI-000149-01,PO-000149,MAT-0030,512,249,3.74,1914.88,2026-04-28T19:39:28.617352
POI-000149-02,PO-000149,MAT-0016,149,60,18.83,2805.67,2026-04-28T19:39:28.617358
POI-000150-01,PO-000150,MAT-0016,606,556,18.55,11241.3,2026-04-28T19:39:28.617433
POI-000150-02,PO-000150,MAT-0010,761,760,3.6,2739.6,2026-04-28T19:39:28.617439
POI-000150-03,PO-000150,MAT-0012,733,651,0.38,278.54,2026-04-28T19:39:28.617444
POI-000151-01,PO-000151,MAT-0014,282,268,2.02,569.64,2026-04-28T19:39:28.617514
POI-000151-02,PO-000151,MAT-0015,841,802,10.01,8418.41,2026-04-28T19:39:28.617521
POI-000151-03,PO-000151,MAT-0027,903,896,3.58,3232.74,2026-04-28T19:39:28.617526
POI-000151-04,PO-000151,MAT-0007,584,551,4.7,2744.8,2026-04-28T19:39:28.617531
POI-000152-01,PO-000152,MAT-0006,925,,4.61,4264.25,2026-04-28T19:39:28.617602
POI-000152-02,PO-000152,MAT-0002,841,,2.14,1799.74,2026-04-28T19:39:28.617607
POI-000152-03,PO-000152,MAT-0021,831,,11.31,9398.61,2026-04-28T19:39:28.617612
POI-000152-04,PO-000152,MAT-0023,748,,1.1,822.8,2026-04-28T19:39:28.617617
POI-000152-05,PO-000152,MAT-0008,82,,0.17,13.94,2026-04-28T19:39:28.617622
POI-000153-01,PO-000153,MAT-0005,278,267,1.09,303.02,2026-04-28T19:39:28.617692
POI-000153-02,PO-000153,MAT-0010,980,917,3.34,3273.2,2026-04-28T19:39:28.617709
POI-000153-03,PO-000153,MAT-0006,657,634,3.99,2621.43,2026-04-28T19:39:28.617715
POI-000153-04,PO-000153,MAT-0022,466,436,8.7,4054.2,2026-04-28T19:39:28.617723
POI-000154-01,PO-000154,MAT-0025,80,,0.96,76.8,2026-04-28T19:39:28.617791
POI-000154-02,PO-000154,MAT-0021,971,,12.79,12419.09,2026-04-28T19:39:28.617799
POI-000154-03,PO-000154,MAT-0028,888,,9.26,8222.88,2026-04-28T19:39:28.617804
POI-000155-01,PO-000155,MAT-0030,613,,3.74,2292.62,2026-04-28T19:39:28.617873
POI-000155-02,PO-000155,MAT-0009,79,,0.72,56.88,2026-04-28T19:39:28.617879
POI-000155-03,PO-000155,MAT-0016,419,,18.83,7889.77,2026-04-28T19:39:28.617884
POI-000155-04,PO-000155,MAT-0029,516,,3.6,1857.6,2026-04-28T19:39:28.617888
POI-000155-05,PO-000155,MAT-0018,169,,2.91,491.79,2026-04-28T19:39:28.617893
POI-000156-01,PO-000156,MAT-0012,584,,0.38,221.92,2026-04-28T19:39:28.617959
POI-000156-02,PO-000156,MAT-0023,695,,1.1,764.5,2026-04-28T19:39:28.617965
POI-000156-03,PO-000156,MAT-0016,836,,18.55,15507.8,2026-04-28T19:39:28.617970
POI-000156-04,PO-000156,MAT-0024,754,,0.86,648.44,2026-04-28T19:39:28.617975
POI-000157-01,PO-000157,MAT-0012,940,,0.38,357.2,2026-04-28T19:39:28.618135
POI-000157-02,PO-000157,MAT-0023,110,,1.1,121.0,2026-04-28T19:39:28.618141
POI-000157-03,PO-000157,MAT-0026,719,,16.95,12187.05,2026-04-28T19:39:28.618149
POI-000158-01,PO-000158,MAT-0014,893,,2.02,1803.86,2026-04-28T19:39:28.618227
POI-000158-02,PO-000158,MAT-0027,53,,3.58,189.74,2026-04-28T19:39:28.618232
POI-000158-03,PO-000158,MAT-0028,695,,7.86,5462.7,2026-04-28T19:39:28.618237
POI-000158-04,PO-000158,MAT-0019,720,,5.79,4168.8,2026-04-28T19:39:28.618242
POI-000158-05,PO-000158,MAT-0007,695,,4.7,3266.5,2026-04-28T19:39:28.618247
POI-000159-01,PO-000159,MAT-0013,199,84,5.38,1070.62,2026-04-28T19:39:28.618321
POI-000159-02,PO-000159,MAT-0012,128,81,0.41,52.48,2026-04-28T19:39:28.618327
POI-000159-03,PO-000159,MAT-0016,882,581,22.92,20215.44,2026-04-28T19:39:28.618336
POI-000159-04,PO-000159,MAT-0021,243,159,11.26,2736.18,2026-04-28T19:39:28.618342
POI-000159-05,PO-000159,MAT-0004,993,493,7.31,7258.83,2026-04-28T19:39:28.618347
POI-000160-01,PO-000160,MAT-0024,476,,0.86,409.36,2026-04-28T19:39:28.618417
POI-000160-02,PO-000160,MAT-0010,307,,3.6,1105.2,2026-04-28T19:39:28.618423
POI-000160-03,PO-000160,MAT-0012,940,,0.38,357.2,2026-04-28T19:39:28.618427
POI-000160-04,PO-000160,MAT-0023,408,,1.1,448.8,2026-04-28T19:39:28.618432
POI-000160-05,PO-000160,MAT-0028,816,,7.78,6348.48,2026-04-28T19:39:28.618437
POI-000161-01,PO-000161,MAT-0006,927,902,4.95,4588.65,2026-04-28T19:39:28.618510
POI-000161-02,PO-000161,MAT-0003,751,729,2.1,1577.1,2026-04-28T19:39:28.618516
POI-000162-01,PO-000162,MAT-0020,484,468,1.26,609.84,2026-04-28T19:39:28.618665
POI-000163-01,PO-000163,MAT-0001,274,151,8.95,2452.3,2026-04-28T19:39:28.618766
POI-000163-02,PO-000163,MAT-0021,66,32,11.26,743.16,2026-04-28T19:39:28.618773
POI-000163-03,PO-000163,MAT-0016,906,642,22.92,20765.52,2026-04-28T19:39:28.618779
POI-000163-04,PO-000163,MAT-0004,322,218,7.31,2353.82,2026-04-28T19:39:28.618785
POI-000164-01,PO-000164,MAT-0023,943,,1.1,1037.3,2026-04-28T19:39:28.618907
POI-000164-02,PO-000164,MAT-0011,740,,0.88,651.2,2026-04-28T19:39:28.618917
POI-000164-03,PO-000164,MAT-0002,825,,2.14,1765.5,2026-04-28T19:39:28.618925
POI-000164-04,PO-000164,MAT-0006,562,,4.61,2590.82,2026-04-28T19:39:28.618932
POI-000165-01,PO-000165,MAT-0019,692,650,6.73,4657.16,2026-04-28T19:39:28.619053
POI-000165-02,PO-000165,MAT-0003,562,553,2.1,1180.2,2026-04-28T19:39:28.619069
POI-000166-01,PO-000166,MAT-0015,113,,9.12,1030.56,2026-04-28T19:39:28.619217
POI-000166-02,PO-000166,MAT-0014,538,,1.81,973.78,2026-04-28T19:39:28.619224
POI-000167-01,PO-000167,MAT-0022,904,860,8.7,7864.8,2026-04-28T19:39:28.619313
POI-000167-02,PO-000167,MAT-0006,843,842,3.99,3363.57,2026-04-28T19:39:28.619319
POI-000167-03,PO-000167,MAT-0027,450,446,4.22,1899.0,2026-04-28T19:39:28.619325
POI-000167-04,PO-000167,MAT-0029,281,256,3.95,1109.95,2026-04-28T19:39:28.619331
POI-000168-01,PO-000168,MAT-0029,591,313,3.95,2334.45,2026-04-28T19:39:28.619410
POI-000168-02,PO-000168,MAT-0005,618,316,1.09,673.62,2026-04-28T19:39:28.619416
POI-000168-03,PO-000168,MAT-0027,327,196,4.22,1379.94,2026-04-28T19:39:28.619422
POI-000169-01,PO-000169,MAT-0016,968,909,22.92,22186.56,2026-04-28T19:39:28.619499
POI-000170-01,PO-000170,MAT-0008,786,,0.17,133.62,2026-04-28T19:39:28.619567
POI-000170-02,PO-000170,MAT-0005,667,,0.99,660.33,2026-04-28T19:39:28.619573
POI-000171-01,PO-000171,MAT-0022,175,,8.7,1522.5,2026-04-28T19:39:28.619640
POI-000172-01,PO-000172,MAT-0015,193,136,9.12,1760.16,2026-04-28T19:39:28.619718
POI-000172-02,PO-000172,MAT-0014,119,79,1.81,215.39,2026-04-28T19:39:28.619724
POI-000172-03,PO-000172,MAT-0023,311,183,0.97,301.67,2026-04-28T19:39:28.619730
POI-000173-01,PO-000173,MAT-0006,731,671,3.99,2916.69,2026-04-28T19:39:28.619801
POI-000173-02,PO-000173,MAT-0029,143,137,3.95,564.85,2026-04-28T19:39:28.619810
POI-000174-01,PO-000174,MAT-0004,746,551,7.31,5453.26,2026-04-28T19:39:28.619882
POI-000174-02,PO-000174,MAT-0021,297,210,11.26,3344.22,2026-04-28T19:39:28.619889
POI-000174-03,PO-000174,MAT-0001,949,427,8.95,8493.55,2026-04-28T19:39:28.619894
POI-000174-04,PO-000174,MAT-0013,430,268,5.38,2313.4,2026-04-28T19:39:28.619900
POI-000174-05,PO-000174,MAT-0008,450,269,0.23,103.5,2026-04-28T19:39:28.619905
POI-000175-01,PO-000175,MAT-0020,619,603,1.26,779.94,2026-04-28T19:39:28.619977
POI-000176-01,PO-000176,MAT-0008,337,,0.17,57.29,2026-04-28T19:39:28.620043
POI-000176-02,PO-000176,MAT-0002,994,,2.14,2127.16,2026-04-28T19:39:28.620049
POI-000177-01,PO-000177,MAT-0005,495,365,0.92,455.4,2026-04-28T19:39:28.620125
POI-000178-01,PO-000178,MAT-0004,782,,7.31,5716.42,2026-04-28T19:39:28.620194
POI-000178-02,PO-000178,MAT-0016,202,,22.92,4629.84,2026-04-28T19:39:28.620200
POI-000178-03,PO-000178,MAT-0011,637,,1.03,656.11,2026-04-28T19:39:28.620208
POI-000178-04,PO-000178,MAT-0001,762,,8.95,6819.9,2026-04-28T19:39:28.620214
POI-000178-05,PO-000178,MAT-0021,604,,11.26,6801.04,2026-04-28T19:39:28.620218
POI-000179-01,PO-000179,MAT-0005,356,328,0.92,327.52,2026-04-28T19:39:28.620294
POI-000180-01,PO-000180,MAT-0020,622,,1.26,783.72,2026-04-28T19:39:28.620364
POI-000181-01,PO-000181,MAT-0010,126,,3.34,420.84,2026-04-28T19:39:28.620750
POI-000181-02,PO-000181,MAT-0006,231,,3.99,921.69,2026-04-28T19:39:28.620766
POI-000181-03,PO-000181,MAT-0022,397,,8.7,3453.9,2026-04-28T19:39:28.620772
POI-000181-04,PO-000181,MAT-0029,117,,3.95,462.15,2026-04-28T19:39:28.620821
POI-000182-01,PO-000182,MAT-0019,667,,5.79,3861.93,2026-04-28T19:39:28.621202
POI-000183-01,PO-000183,MAT-0020,385,,1.26,485.1,2026-04-28T19:39:28.621418
POI-000184-01,PO-000184,MAT-0004,718,,7.31,5248.58,2026-04-28T19:39:28.621662
POI-000184-02,PO-000184,MAT-0016,859,,22.92,19688.28,2026-04-28T19:39:28.621675
POI-000185-01,PO-000185,MAT-0020,67,59,1.26,84.42,2026-04-28T19:39:28.621773
POI-000186-01,PO-000186,MAT-0005,666,,0.92,612.72,2026-04-28T19:39:28.621919
POI-000187-01,PO-000187,MAT-0021,708,631,11.26,7972.08,2026-04-28T19:39:28.622077
POI-000187-02,PO-000187,MAT-0008,613,582,0.23,140.99,2026-04-28T19:39:28.622085
POI-000187-03,PO-000187,MAT-0011,365,337,1.03,375.95,2026-04-28T19:39:28.622091
POI-000187-04,PO-000187,MAT-0016,82,76,22.92,1879.44,2026-04-28T19:39:28.622096
POI-000188-01,PO-000188,MAT-0022,131,118,8.7,1139.7,2026-04-28T19:39:28.622192
POI-000188-02,PO-000188,MAT-0010,292,289,3.34,975.28,2026-04-28T19:39:28.622199
POI-000188-03,PO-000188,MAT-0027,657,618,4.22,2772.54,2026-04-28T19:39:28.622211
POI-000188-04,PO-000188,MAT-0029,956,953,3.95,3776.2,2026-04-28T19:39:28.622218
POI-000189-01,PO-000189,MAT-0013,347,345,5.38,1866.86,2026-04-28T19:39:28.622366
POI-000189-02,PO-000189,MAT-0008,686,661,0.23,157.78,2026-04-28T19:39:28.622377
POI-000190-01,PO-000190,MAT-0010,964,,3.6,3470.4,2026-04-28T19:39:28.622464
POI-000190-02,PO-000190,MAT-0012,290,,0.38,110.2,2026-04-28T19:39:28.622469
POI-000190-03,PO-000190,MAT-0004,820,,7.41,6076.2,2026-04-28T19:39:28.622475
POI-000191-01,PO-000191,MAT-0005,927,827,0.92,852.84,2026-04-28T19:39:28.622626
POI-000192-01,PO-000192,MAT-0021,160,142,12.79,2046.4,2026-04-28T19:39:28.622716
POI-000192-02,PO-000192,MAT-0017,737,706,18.41,13568.17,2026-04-28T19:39:28.622723
POI-000192-03,PO-000192,MAT-0018,299,280,2.61,780.39,2026-04-28T19:39:28.622729
POI-000193-01,PO-000193,MAT-0018,793,492,2.61,2069.73,2026-04-28T19:39:28.622807
POI-000193-02,PO-000193,MAT-0017,807,583,18.41,14856.87,2026-04-28T19:39:28.622819
POI-000193-03,PO-000193,MAT-0028,128,87,9.26,1185.28,2026-04-28T19:39:28.622829
POI-000193-04,PO-000193,MAT-0020,128,55,1.28,163.84,2026-04-28T19:39:28.622838
POI-000193-05,PO-000193,MAT-0021,649,266,12.79,8300.71,2026-04-28T19:39:28.622844
POI-000194-01,PO-000194,MAT-0015,261,231,10.07,2628.27,2026-04-28T19:39:28.622924
POI-000194-02,PO-000194,MAT-0005,718,702,0.99,710.82,2026-04-28T19:39:28.622930
POI-000194-03,PO-000194,MAT-0008,242,227,0.17,41.14,2026-04-28T19:39:28.622936
POI-000195-01,PO-000195,MAT-0020,215,,1.26,270.9,2026-04-28T19:39:28.623113
POI-000196-01,PO-000196,MAT-0018,291,,2.76,803.16,2026-04-28T19:39:28.623193
POI-000196-02,PO-000196,MAT-0003,258,,2.1,541.8,2026-04-28T19:39:28.623198
POI-000196-03,PO-000196,MAT-0006,832,,4.95,4118.4,2026-04-28T19:39:28.623209
POI-000196-04,PO-000196,MAT-0019,375,,6.73,2523.75,2026-04-28T19:39:28.623214
POI-000196-05,PO-000196,MAT-0004,994,,7.38,7335.72,2026-04-28T19:39:28.623219
POI-000197-01,PO-000197,MAT-0020,567,369,1.26,714.42,2026-04-28T19:39:28.623292
POI-000198-01,PO-000198,MAT-0018,518,481,2.76,1429.68,2026-04-28T19:39:28.623366
POI-000198-02,PO-000198,MAT-0019,556,527,6.73,3741.88,2026-04-28T19:39:28.623373
POI-000198-03,PO-000198,MAT-0006,232,211,4.95,1148.4,2026-04-28T19:39:28.623378
POI-000198-04,PO-000198,MAT-0003,478,435,2.1,1003.8,2026-04-28T19:39:28.623384
POI-000199-01,PO-000199,MAT-0023,757,732,1.1,832.7,2026-04-28T19:39:28.623456
POI-000199-02,PO-000199,MAT-0028,849,806,7.78,6605.22,2026-04-28T19:39:28.623462
POI-000199-03,PO-000199,MAT-0012,752,731,0.38,285.76,2026-04-28T19:39:28.623471
POI-000199-04,PO-000199,MAT-0004,79,77,7.41,585.39,2026-04-28T19:39:28.623477
POI-000200-01,PO-000200,MAT-0008,998,,0.17,169.66,2026-04-28T19:39:28.623547
POI-000200-02,PO-000200,MAT-0005,968,,0.99,958.32,2026-04-28T19:39:28.623552
POI-000200-03,PO-000200,MAT-0015,705,,10.07,7099.35,2026-04-28T19:39:28.623557
POI-000201-01,PO-000201,MAT-0015,640,,10.01,6406.4,2026-04-28T19:39:28.623625
POI-000201-02,PO-000201,MAT-0028,613,,7.86,4818.18,2026-04-28T19:39:28.623631
POI-000201-03,PO-000201,MAT-0019,844,,5.79,4886.76,2026-04-28T19:39:28.623636
POI-000202-01,PO-000202,MAT-0025,832,481,0.96,798.72,2026-04-28T19:39:28.623711
POI-000202-02,PO-000202,MAT-0021,476,303,12.79,6088.04,2026-04-28T19:39:28.623718
POI-000202-03,PO-000202,MAT-0020,787,575,1.28,1007.36,2026-04-28T19:39:28.623729
POI-000203-01,PO-000203,MAT-0019,333,,5.79,1928.07,2026-04-28T19:39:28.623798
POI-000203-02,PO-000203,MAT-0014,382,,2.02,771.64,2026-04-28T19:39:28.623804
POI-000203-03,PO-000203,MAT-0027,297,,3.58,1063.26,2026-04-28T19:39:28.623809
POI-000204-01,PO-000204,MAT-0005,244,,0.92,224.48,2026-04-28T19:39:28.623875
POI-000205-01,PO-000205,MAT-0025,735,653,0.96,705.6,2026-04-28T19:39:28.623944
POI-000206-01,PO-000206,MAT-0018,363,348,2.91,1056.33,2026-04-28T19:39:28.624012
POI-000207-01,PO-000207,MAT-0005,587,565,0.92,540.04,2026-04-28T19:39:28.624081
POI-000208-01,PO-000208,MAT-0021,94,87,11.26,1058.44,2026-04-28T19:39:28.624166
POI-000209-01,PO-000209,MAT-0023,896,857,1.1,985.6,2026-04-28T19:39:28.624239
POI-000209-02,PO-000209,MAT-0006,965,946,4.61,4448.65,2026-04-28T19:39:28.624246
POI-000210-01,PO-000210,MAT-0015,227,104,10.07,2285.89,2026-04-28T19:39:28.624317
POI-000210-02,PO-000210,MAT-0008,828,501,0.17,140.76,2026-04-28T19:39:28.624323
POI-000210-03,PO-000210,MAT-0005,871,646,0.99,862.29,2026-04-28T19:39:28.624328
POI-000211-01,PO-000211,MAT-0003,596,571,2.1,1251.6,2026-04-28T19:39:28.624397
POI-000211-02,PO-000211,MAT-0006,780,749,4.95,3861.0,2026-04-28T19:39:28.624403
POI-000211-03,PO-000211,MAT-0018,787,764,2.76,2172.12,2026-04-28T19:39:28.624409
POI-000211-04,PO-000211,MAT-0004,595,531,7.38,4391.1,2026-04-28T19:39:28.624418
POI-000212-01,PO-000212,MAT-0015,717,649,10.01,7177.17,2026-04-28T19:39:28.624488
POI-000212-02,PO-000212,MAT-0019,494,470,5.79,2860.26,2026-04-28T19:39:28.624494
POI-000212-03,PO-000212,MAT-0007,745,656,4.7,3501.5,2026-04-28T19:39:28.624500
POI-000212-04,PO-000212,MAT-0028,87,86,7.86,683.82,2026-04-28T19:39:28.624505
POI-000213-01,PO-000213,MAT-0005,484,,0.99,479.16,2026-04-28T19:39:28.624571
POI-000214-01,PO-000214,MAT-0010,270,,3.34,901.8,2026-04-28T19:39:28.624641
POI-000214-02,PO-000214,MAT-0022,249,,8.7,2166.3,2026-04-28T19:39:28.624647
POI-000214-03,PO-000214,MAT-0027,354,,4.22,1493.88,2026-04-28T19:39:28.624652
POI-000214-04,PO-000214,MAT-0006,56,,3.99,223.44,2026-04-28T19:39:28.624657
POI-000215-01,PO-000215,MAT-0008,162,,0.17,27.54,2026-04-28T19:39:28.624728
POI-000215-02,PO-000215,MAT-0015,761,,10.07,7663.27,2026-04-28T19:39:28.624733
POI-000215-03,PO-000215,MAT-0005,738,,0.99,730.62,2026-04-28T19:39:28.624738
POI-000216-01,PO-000216,MAT-0028,835,781,9.26,7732.1,2026-04-28T19:39:28.624807
POI-000216-02,PO-000216,MAT-0017,187,186,18.41,3442.67,2026-04-28T19:39:28.624814
POI-000217-01,PO-000217,MAT-0027,290,281,3.64,1055.6,2026-04-28T19:39:28.624882
POI-000218-01,PO-000218,MAT-0003,175,,2.1,367.5,2026-04-28T19:39:28.624946
POI-000219-01,PO-000219,MAT-0006,991,882,3.99,3954.09,2026-04-28T19:39:28.625014
POI-000219-02,PO-000219,MAT-0029,505,486,3.95,1994.75,2026-04-28T19:39:28.625024
POI-000220-01,PO-000220,MAT-0023,194,193,0.97,188.18,2026-04-28T19:39:28.625098
POI-000220-02,PO-000220,MAT-0015,430,421,9.12,3921.6,2026-04-28T19:39:28.625104
POI-000220-03,PO-000220,MAT-0014,187,164,1.81,338.47,2026-04-28T19:39:28.625109
POI-000221-01,PO-000221,MAT-0016,218,,22.92,4996.56,2026-04-28T19:39:28.625176
POI-000221-02,PO-000221,MAT-0011,458,,1.03,471.74,2026-04-28T19:39:28.625182
POI-000221-03,PO-000221,MAT-0012,282,,0.41,115.62,2026-04-28T19:39:28.625187
POI-000221-04,PO-000221,MAT-0004,810,,7.31,5921.1,2026-04-28T19:39:28.625191
POI-000221-05,PO-000221,MAT-0021,360,,11.26,4053.6,2026-04-28T19:39:28.625196
POI-000222-01,PO-000222,MAT-0003,790,,2.1,1659.0,2026-04-28T19:39:28.625268
POI-000222-02,PO-000222,MAT-0006,312,,4.95,1544.4,2026-04-28T19:39:28.625276
POI-000222-03,PO-000222,MAT-0018,160,,2.76,441.6,2026-04-28T19:39:28.625282
POI-000222-04,PO-000222,MAT-0004,612,,7.38,4516.56,2026-04-28T19:39:28.625286
POI-000222-05,PO-000222,MAT-0019,982,,6.73,6608.86,2026-04-28T19:39:28.625291
POI-000223-01,PO-000223,MAT-0023,414,,1.1,455.4,2026-04-28T19:39:28.625357
POI-000224-01,PO-000224,MAT-0012,588,,0.41,241.08,2026-04-28T19:39:28.625426
POI-000225-01,PO-000225,MAT-0016,319,,18.55,5917.45,2026-04-28T19:39:28.625493
POI-000225-02,PO-000225,MAT-0012,492,,0.38,186.96,2026-04-28T19:39:28.625498
POI-000225-03,PO-000225,MAT-0010,288,,3.6,1036.8,2026-04-28T19:39:28.625504
POI-000225-04,PO-000225,MAT-0023,430,,1.1,473.0,2026-04-28T19:39:28.625508
POI-000226-01,PO-000226,MAT-0029,336,,3.6,1209.6,2026-04-28T19:39:28.625582
POI-000226-02,PO-000226,MAT-0027,533,,3.64,1940.12,2026-04-28T19:39:28.625587
POI-000226-03,PO-000226,MAT-0018,286,,2.91,832.26,2026-04-28T19:39:28.625592
POI-000226-04,PO-000226,MAT-0009,907,,0.72,653.04,2026-04-28T19:39:28.625598
POI-000226-05,PO-000226,MAT-0014,527,,1.65,869.55,2026-04-28T19:39:28.625603
POI-000227-01,PO-000227,MAT-0028,239,223,7.86,1878.54,2026-04-28T19:39:28.625672
POI-000227-02,PO-000227,MAT-0027,740,717,3.58,2649.2,2026-04-28T19:39:28.625678
POI-000227-03,PO-000227,MAT-0015,659,652,10.01,6596.59,2026-04-28T19:39:28.625684
POI-000228-01,PO-000228,MAT-0006,303,,4.61,1396.83,2026-04-28T19:39:28.625749
POI-000229-01,PO-000229,MAT-0028,198,129,9.26,1833.48,2026-04-28T19:39:28.625825
POI-000230-01,PO-000230,MAT-0022,653,628,8.7,5681.1,2026-04-28T19:39:28.625894
POI-000230-02,PO-000230,MAT-0006,512,478,3.99,2042.88,2026-04-28T19:39:28.625901
POI-000231-01,PO-000231,MAT-0012,902,,0.41,369.82,2026-04-28T19:39:28.625966
POI-000232-01,PO-000232,MAT-0004,249,223,7.31,1820.19,2026-04-28T19:39:28.626035
POI-000232-02,PO-000232,MAT-0021,426,403,11.26,4796.76,2026-04-28T19:39:28.626041
POI-000232-03,PO-000232,MAT-0011,953,943,1.03,981.59,2026-04-28T19:39:28.626047
POI-000232-04,PO-000232,MAT-0008,83,77,0.23,19.09,2026-04-28T19:39:28.626052
POI-000233-01,PO-000233,MAT-0024,563,,0.86,484.18,2026-04-28T19:39:28.626119
POI-000233-02,PO-000233,MAT-0012,342,,0.38,129.96,2026-04-28T19:39:28.626127
POI-000233-03,PO-000233,MAT-0028,88,,7.78,684.64,2026-04-28T19:39:28.626132
POI-000234-01,PO-000234,MAT-0019,640,600,6.73,4307.2,2026-04-28T19:39:28.626200
POI-000235-01,PO-000235,MAT-0004,745,706,7.31,5445.95,2026-04-28T19:39:28.626273
POI-000236-01,PO-000236,MAT-0011,555,401,1.03,571.65,2026-04-28T19:39:28.626343
POI-000236-02,PO-000236,MAT-0016,739,537,22.92,16937.88,2026-04-28T19:39:28.626350
POI-000236-03,PO-000236,MAT-0012,447,278,0.41,183.27,2026-04-28T19:39:28.626359
POI-000236-04,PO-000236,MAT-0013,82,57,5.38,441.16,2026-04-28T19:39:28.626365
POI-000236-05,PO-000236,MAT-0004,770,537,7.31,5628.7,2026-04-28T19:39:28.626370
POI-000237-01,PO-000237,MAT-0014,766,,1.65,1263.9,2026-04-28T19:39:28.626443
POI-000237-02,PO-000237,MAT-0029,299,,3.6,1076.4,2026-04-28T19:39:28.626448
POI-000237-03,PO-000237,MAT-0003,582,,2.2,1280.4,2026-04-28T19:39:28.626455
POI-000237-04,PO-000237,MAT-0016,122,,18.83,2297.26,2026-04-28T19:39:28.626460
POI-000237-05,PO-000237,MAT-0009,950,,0.72,684.0,2026-04-28T19:39:28.626465
POI-000238-01,PO-000238,MAT-0004,133,,7.38,981.54,2026-04-28T19:39:28.626533
POI-000238-02,PO-000238,MAT-0006,674,,4.95,3336.3,2026-04-28T19:39:28.626538
POI-000238-03,PO-000238,MAT-0003,392,,2.1,823.2,2026-04-28T19:39:28.626543
POI-000238-04,PO-000238,MAT-0018,859,,2.76,2370.84,2026-04-28T19:39:28.626547
POI-000239-01,PO-000239,MAT-0020,543,,1.26,684.18,2026-04-28T19:39:28.626616
POI-000240-01,PO-000240,MAT-0027,909,819,3.58,3254.22,2026-04-28T19:39:28.626688
POI-000240-02,PO-000240,MAT-0028,709,701,7.86,5572.74,2026-04-28T19:39:28.626694
POI-000241-01,PO-000241,MAT-0029,804,,3.95,3175.8,2026-04-28T19:39:28.626762
POI-000241-02,PO-000241,MAT-0022,584,,8.7,5080.8,2026-04-28T19:39:28.626767
POI-000241-03,PO-000241,MAT-0027,935,,4.22,3945.7,2026-04-28T19:39:28.626772
POI-000242-01,PO-000242,MAT-0015,641,589,9.12,5845.92,2026-04-28T19:39:28.626917
POI-000243-01,PO-000243,MAT-0014,595,594,1.65,981.75,2026-04-28T19:39:28.626997
POI-000244-01,PO-000244,MAT-0011,936,,1.03,964.08,2026-04-28T19:39:28.627069
POI-000244-02,PO-000244,MAT-0013,146,,5.38,785.48,2026-04-28T19:39:28.627075
POI-000244-03,PO-000244,MAT-0021,353,,11.26,3974.78,2026-04-28T19:39:28.627086
POI-000245-01,PO-000245,MAT-0004,936,926,7.41,6935.76,2026-04-28T19:39:28.627165
POI-000245-02,PO-000245,MAT-0026,725,661,16.95,12288.75,2026-04-28T19:39:28.627172
POI-000245-03,PO-000245,MAT-0028,210,198,7.78,1633.8,2026-04-28T19:39:28.627178
POI-000245-04,PO-000245,MAT-0010,937,857,3.6,3373.2,2026-04-28T19:39:28.627183
POI-000245-05,PO-000245,MAT-0016,82,79,18.55,1521.1,2026-04-28T19:39:28.627189
POI-000246-01,PO-000246,MAT-0005,692,389,0.99,685.08,2026-04-28T19:39:28.627436
POI-000246-02,PO-000246,MAT-0008,911,664,0.17,154.87,2026-04-28T19:39:28.627449
POI-000246-03,PO-000246,MAT-0015,230,167,10.07,2316.1,2026-04-28T19:39:28.627461
POI-000247-01,PO-000247,MAT-0006,865,,4.95,4281.75,2026-04-28T19:39:28.627668
POI-000248-01,PO-000248,MAT-0005,203,,0.99,200.97,2026-04-28T19:39:28.627776
POI-000248-02,PO-000248,MAT-0015,325,,10.07,3272.75,2026-04-28T19:39:28.627782
POI-000248-03,PO-000248,MAT-0008,557,,0.17,94.69,2026-04-28T19:39:28.627787
POI-000249-01,PO-000249,MAT-0020,292,,1.26,367.92,2026-04-28T19:39:28.627863
POI-000250-01,PO-000250,MAT-0001,447,422,8.95,4000.65,2026-04-28T19:39:28.627938
POI-000251-01,PO-000251,MAT-0004,499,309,7.38,3682.62,2026-04-28T19:39:28.628019
POI-000251-02,PO-000251,MAT-0006,243,112,4.95,1202.85,2026-04-28T19:39:28.628026
POI-000251-03,PO-000251,MAT-0019,937,624,6.73,6306.01,2026-04-28T19:39:28.628032
POI-000251-04,PO-000251,MAT-0018,88,56,2.76,242.88,2026-04-28T19:39:28.628037
POI-000251-05,PO-000251,MAT-0003,797,466,2.1,1673.7,2026-04-28T19:39:28.628046
POI-000252-01,PO-000252,MAT-0020,275,,1.26,346.5,2026-04-28T19:39:28.628123
POI-000253-01,PO-000253,MAT-0006,336,148,4.95,1663.2,2026-04-28T19:39:28.628196
POI-000253-02,PO-000253,MAT-0019,242,131,6.73,1628.66,2026-04-28T19:39:28.628202
POI-000253-03,PO-000253,MAT-0018,51,34,2.76,140.76,2026-04-28T19:39:28.628208
POI-000253-04,PO-000253,MAT-0004,952,508,7.38,7025.76,2026-04-28T19:39:28.628213
POI-000253-05,PO-000253,MAT-0003,150,79,2.1,315.0,2026-04-28T19:39:28.628219
POI-000254-01,PO-000254,MAT-0006,344,,4.61,1585.84,2026-04-28T19:39:28.628286
POI-000254-02,PO-000254,MAT-0023,165,,1.1,181.5,2026-04-28T19:39:28.628292
POI-000255-01,PO-000255,MAT-0017,76,,18.41,1399.16,2026-04-28T19:39:28.628364
POI-000256-01,PO-000256,MAT-0010,632,599,3.6,2275.2,2026-04-28T19:39:28.628439
POI-000256-02,PO-000256,MAT-0028,748,670,7.78,5819.44,2026-04-28T19:39:28.628445
POI-000257-01,PO-000257,MAT-0008,374,330,0.23,86.02,2026-04-28T19:39:28.628517
POI-000257-02,PO-000257,MAT-0011,190,169,1.03,195.7,2026-04-28T19:39:28.628524
POI-000257-03,PO-000257,MAT-0004,325,316,7.31,2375.75,2026-04-28T19:39:28.628529
POI-000258-01,PO-000258,MAT-0005,756,,0.99,748.44,2026-04-28T19:39:28.628595
POI-000259-01,PO-000259,MAT-0002,386,367,2.14,826.04,2026-04-28T19:39:28.628664
POI-000260-01,PO-000260,MAT-0015,718,706,9.12,6548.16,2026-04-28T19:39:28.628738
POI-000261-01,PO-000261,MAT-0020,670,652,1.26,844.2,2026-04-28T19:39:28.628812
POI-000262-01,PO-000262,MAT-0002,658,,2.14,1408.12,2026-04-28T19:39:28.628878
POI-000262-02,PO-000262,MAT-0023,884,,1.1,972.4,2026-04-28T19:39:28.628886
POI-000263-01,PO-000263,MAT-0020,871,,1.26,1097.46,2026-04-28T19:39:28.628952
POI-000264-01,PO-000264,MAT-0017,996,,18.41,18336.36,2026-04-28T19:39:28.629019
POI-000264-02,PO-000264,MAT-0028,51,,9.26,472.26,2026-04-28T19:39:28.629025
POI-000264-03,PO-000264,MAT-0020,997,,1.28,1276.16,2026-04-28T19:39:28.629030
POI-000264-04,PO-000264,MAT-0025,358,,0.96,343.68,2026-04-28T19:39:28.629035
POI-000265-01,PO-000265,MAT-0020,730,,1.26,919.8,2026-04-28T19:39:28.629105
POI-000266-01,PO-000266,MAT-0027,610,284,4.22,2574.2,2026-04-28T19:39:28.629174
POI-000267-01,PO-000267,MAT-0024,259,,0.86,222.74,2026-04-28T19:39:28.629252
POI-000267-02,PO-000267,MAT-0010,674,,3.6,2426.4,2026-04-28T19:39:28.629258
POI-000267-03,PO-000267,MAT-0028,516,,7.78,4014.48,2026-04-28T19:39:28.629263
POI-000267-04,PO-000267,MAT-0023,183,,1.1,201.3,2026-04-28T19:39:28.629268
POI-000268-01,PO-000268,MAT-0022,754,,8.7,6559.8,2026-04-28T19:39:28.629339
POI-000268-02,PO-000268,MAT-0010,798,,3.34,2665.32,2026-04-28T19:39:28.629345
POI-000268-03,PO-000268,MAT-0029,525,,3.95,2073.75,2026-04-28T19:39:28.629350
POI-000269-01,PO-000269,MAT-0005,887,,0.99,878.13,2026-04-28T19:39:28.629425
POI-000269-02,PO-000269,MAT-0015,877,,10.07,8831.39,2026-04-28T19:39:28.629431
POI-000269-03,PO-000269,MAT-0008,961,,0.17,163.37,2026-04-28T19:39:28.629436
POI-000270-01,PO-000270,MAT-0005,72,66,0.99,71.28,2026-04-28T19:39:28.629568
POI-000271-01,PO-000271,MAT-0005,366,,0.99,362.34,2026-04-28T19:39:28.629651
POI-000271-02,PO-000271,MAT-0015,840,,10.07,8458.8,2026-04-28T19:39:28.629656
POI-000271-03,PO-000271,MAT-0008,695,,0.17,118.15,2026-04-28T19:39:28.629661
POI-000272-01,PO-000272,MAT-0015,455,,10.07,4581.85,2026-04-28T19:39:28.629734
POI-000272-02,PO-000272,MAT-0005,619,,0.99,612.81,2026-04-28T19:39:28.629739
POI-000272-03,PO-000272,MAT-0008,485,,0.17,82.45,2026-04-28T19:39:28.629750
POI-000273-01,PO-000273,MAT-0014,778,,1.81,1408.18,2026-04-28T19:39:28.629822
POI-000273-02,PO-000273,MAT-0023,738,,0.97,715.86,2026-04-28T19:39:28.629828
POI-000273-03,PO-000273,MAT-0015,960,,9.12,8755.2,2026-04-28T19:39:28.629836
POI-000274-01,PO-000274,MAT-0023,64,,1.1,70.4,2026-04-28T19:39:28.629906
POI-000274-02,PO-000274,MAT-0004,194,,7.41,1437.54,2026-04-28T19:39:28.629912
POI-000274-03,PO-000274,MAT-0012,463,,0.38,175.94,2026-04-28T19:39:28.629917
POI-000275-01,PO-000275,MAT-0008,376,255,0.17,63.92,2026-04-28T19:39:28.629989
POI-000275-02,PO-000275,MAT-0002,816,512,2.14,1746.24,2026-04-28T19:39:28.629995
POI-000275-03,PO-000275,MAT-0021,219,113,11.31,2476.89,2026-04-28T19:39:28.630001
POI-000276-01,PO-000276,MAT-0014,347,319,1.81,628.07,2026-04-28T19:39:28.630075
POI-000276-02,PO-000276,MAT-0015,710,688,9.12,6475.2,2026-04-28T19:39:28.630081
POI-000276-03,PO-000276,MAT-0023,606,546,0.97,587.82,2026-04-28T19:39:28.630086
POI-000277-01,PO-000277,MAT-0003,358,,2.2,787.6,2026-04-28T19:39:28.630160
POI-000277-02,PO-000277,MAT-0014,677,,1.65,1117.05,2026-04-28T19:39:28.630166
POI-000277-03,PO-000277,MAT-0027,844,,3.64,3072.16,2026-04-28T19:39:28.630171
POI-000277-04,PO-000277,MAT-0016,522,,18.83,9829.26,2026-04-28T19:39:28.630176
POI-000278-01,PO-000278,MAT-0020,224,,1.26,282.24,2026-04-28T19:39:28.630248
POI-000279-01,PO-000279,MAT-0005,327,,0.92,300.84,2026-04-28T19:39:28.630315
POI-000280-01,PO-000280,MAT-0006,477,454,3.99,1903.23,2026-04-28T19:39:28.630389
POI-000280-02,PO-000280,MAT-0005,567,533,1.09,618.03,2026-04-28T19:39:28.630396
POI-000280-03,PO-000280,MAT-0029,251,227,3.95,991.45,2026-04-28T19:39:28.630405
POI-000281-01,PO-000281,MAT-0006,314,,4.95,1554.3,2026-04-28T19:39:28.630572
POI-000281-02,PO-000281,MAT-0004,396,,7.38,2922.48,2026-04-28T19:39:28.630607
POI-000281-03,PO-000281,MAT-0003,679,,2.1,1425.9,2026-04-28T19:39:28.630634
POI-000281-04,PO-000281,MAT-0018,586,,2.76,1617.36,2026-04-28T19:39:28.630663
POI-000281-05,PO-000281,MAT-0019,59,,6.73,397.07,2026-04-28T19:39:28.630672
POI-000282-01,PO-000282,MAT-0025,415,401,0.96,398.4,2026-04-28T19:39:28.630986
POI-000282-02,PO-000282,MAT-0020,883,815,1.28,1130.24,2026-04-28T19:39:28.630997
POI-000282-03,PO-000282,MAT-0021,647,632,12.79,8275.13,2026-04-28T19:39:28.631009
POI-000283-01,PO-000283,MAT-0012,946,866,0.41,387.86,2026-04-28T19:39:28.631170
POI-000284-01,PO-000284,MAT-0013,667,593,5.38,3588.46,2026-04-28T19:39:28.631283
POI-000284-02,PO-000284,MAT-0008,822,775,0.23,189.06,2026-04-28T19:39:28.631290
POI-000284-03,PO-000284,MAT-0016,124,121,22.92,2842.08,2026-04-28T19:39:28.631296
POI-000284-04,PO-000284,MAT-0021,875,817,11.26,9852.5,2026-04-28T19:39:28.631302
POI-000284-05,PO-000284,MAT-0012,763,723,0.41,312.83,2026-04-28T19:39:28.631307
POI-000285-01,PO-000285,MAT-0028,292,261,7.86,2295.12,2026-04-28T19:39:28.631451
POI-000285-02,PO-000285,MAT-0019,700,664,5.79,4053.0,2026-04-28T19:39:28.631459
POI-000286-01,PO-000286,MAT-0020,978,,1.26,1232.28,2026-04-28T19:39:28.631562
POI-000287-01,PO-000287,MAT-0015,73,43,10.07,735.11,2026-04-28T19:39:28.631642
POI-000287-02,PO-000287,MAT-0008,860,605,0.17,146.2,2026-04-28T19:39:28.631648
POI-000287-03,PO-000287,MAT-0005,502,294,0.99,496.98,2026-04-28T19:39:28.631654
POI-000288-01,PO-000288,MAT-0020,609,361,1.26,767.34,2026-04-28T19:39:28.631730
POI-000289-01,PO-000289,MAT-0012,218,,0.38,82.84,2026-04-28T19:39:28.631803
POI-000289-02,PO-000289,MAT-0028,157,,7.78,1221.46,2026-04-28T19:39:28.631809
POI-000289-03,PO-000289,MAT-0004,173,,7.41,1281.93,2026-04-28T19:39:28.631813
POI-000290-01,PO-000290,MAT-0014,494,492,1.81,894.14,2026-04-28T19:39:28.631947
POI-000290-02,PO-000290,MAT-0023,435,402,0.97,421.95,2026-04-28T19:39:28.631957
POI-000291-01,PO-000291,MAT-0005,746,375,1.09,813.14,2026-04-28T19:39:28.632072
POI-000291-02,PO-000291,MAT-0029,745,509,3.95,2942.75,2026-04-28T19:39:28.632081
POI-000292-01,PO-000292,MAT-0021,519,498,12.79,6638.01,2026-04-28T19:39:28.632224
POI-000292-02,PO-000292,MAT-0020,694,641,1.28,888.32,2026-04-28T19:39:28.632231
POI-000292-03,PO-000292,MAT-0017,824,757,18.41,15169.84,2026-04-28T19:39:28.632237
POI-000293-01,PO-000293,MAT-0005,265,244,0.92,243.8,2026-04-28T19:39:28.632322
POI-000294-01,PO-000294,MAT-0028,318,306,7.78,2474.04,2026-04-28T19:39:28.632405
POI-000294-02,PO-000294,MAT-0026,722,669,16.95,12237.9,2026-04-28T19:39:28.632412
POI-000294-03,PO-000294,MAT-0016,876,856,18.55,16249.8,2026-04-28T19:39:28.632421
POI-000295-01,PO-000295,MAT-0005,461,422,0.92,424.12,2026-04-28T19:39:28.632499
POI-000296-01,PO-000296,MAT-0005,570,528,0.92,524.4,2026-04-28T19:39:28.632569
POI-000297-01,PO-000297,MAT-0029,634,,3.6,2282.4,2026-04-28T19:39:28.632636
POI-000298-01,PO-000298,MAT-0005,680,,0.92,625.6,2026-04-28T19:39:28.632701
POI-000299-01,PO-000299,MAT-0023,255,237,1.1,280.5,2026-04-28T19:39:28.632770
POI-000299-02,PO-000299,MAT-0012,989,890,0.38,375.82,2026-04-28T19:39:28.632776
POI-000300-01,PO-000300,MAT-0006,662,,3.99,2641.38,2026-04-28T19:39:28.632847
POI-000300-02,PO-000300,MAT-0027,838,,4.22,3536.36,2026-04-28T19:39:28.632853
POI-000300-03,PO-000300,MAT-0029,341,,3.95,1346.95,2026-04-28T19:39:28.632858
POI-000300-04,PO-000300,MAT-0022,504,,8.7,4384.8,2026-04-28T19:39:28.632866
